file_id,cell_id,EOL,initial_capacity,resistance_initial,capacity_c10,soh_c10,capacity_c50,soh_c50,capacity_c100,soh_c100,capacity_slope_w20,capacity_mean_w20,capacity_std_w20,soh_w20,resistance_mean_w20,resistance_slope_w20,efficiency_mean_w20,efficiency_std_w20,temp_mean_w20,capacity_slope_w50,capacity_mean_w50,capacity_std_w50,soh_w50,resistance_mean_w50,resistance_slope_w50,efficiency_mean_w50,efficiency_std_w50,temp_mean_w50,capacity_slope_w100,capacity_mean_w100,capacity_std_w100,soh_w100,resistance_mean_w100,resistance_slope_w100,efficiency_mean_w100,efficiency_std_w100,temp_mean_w100,delta_v_mean_c10_c50,delta_v_std_c10_c50,delta_v_var_c10_c50,delta_v_min_c10_c50,delta_v_max_c10_c50,delta_v_mean_c10_c100,delta_v_std_c10_c100,delta_v_var_c10_c100,delta_v_min_c10_c100,delta_v_max_c10_c100
FastCharge_000015_CH4_structure.json,el150800737390,796,1.0581568,0.0155538041144609,1.0632297,1.0047940910080624,1.0635437,1.0050908334190172,1.0617574,1.0034027093149145,0.00025018691729326615,1.0624340899999998,0.0016302228951588214,1.0053102715967992,0.015483200782909939,-6.9108609586255264e-06,0.8785407860148597,0.0008501992126792645,33.7551570892334,4.9507980792308554e-05,1.063170534,0.0011966105288873246,1.0050908334190172,0.015444664880633306,-2.543279031316232e-06,0.8787550496098998,0.0006273132045351251,33.84201820373535,-4.58688268826116e-06,1.062950962,0.0009402171556379863,1.0034027093149145,0.015392379928380207,-2.1538170244002548e-06,0.8781272676955298,0.0009453476950005487,34.05078147888184,-0.0013346108390569,0.003679015998528,1.3535158717425043e-05,-0.0202011982458469,0.0165858113450747,-0.0063446561953555,0.0094759186588502,8.979303442914612e-05,-0.0563518309615123,0.007564735350293
FastCharge_000002_CH18_structure.json,el150800737233,828,1.0636606000000002,0.0154853425920009,1.0679353,1.0040188571429645,1.0685687,1.004614347847424,1.067026,1.0031639791865938,0.00020057954887221682,1.06734569,0.0013197048321120653,1.004446625173481,0.015310966735705683,-1.047159706179461e-05,0.8787046026179481,0.0006481431932468805,32.912879180908206,4.7675154861928565e-05,1.06805541,0.0010190662536361224,1.004614347847424,0.015269705671817013,-2.7023021932270385e-06,0.8786165648954893,0.0005232878521531626,32.97037353515625,-6.291857185775888e-07,1.067962636,0.0007934659779120835,1.0031639791865938,0.015255639618262602,-6.531393158249261e-07,0.8775320473338105,0.0013768774885129927,33.05460319519043,-0.0017612613889501,0.0045072754884438,2.0315532328726612e-05,-0.0254501376123368,0.0193467935469429,-0.0080836598958343,0.0111345078718058,0.0001239772655473,-0.0651834782510238,0.0136582221350241
FastCharge_000002_CH10_structure.json,el150800737329,1009,1.0665728,0.0154348416253924,1.0704191,1.0036062235976766,1.0709598,1.0041131744593523,1.0694544,1.0027017377529222,0.00018068195488724878,1.06982563,0.001188778942486741,1.003991382491659,0.015277757728472296,-9.546764335012759e-06,0.8799369925140791,0.0006470717503434815,32.07894067764282,4.3609358943576083e-05,1.070518154,0.0009516755315147811,1.0041131744593523,0.015244430396705816,-2.0691352177494564e-06,0.8798745593695501,0.0005203628385689294,32.115922126770016,-2.9218715871566802e-06,1.070348299,0.0007491140134178241,1.0027017377529222,0.01523784216493363,-2.697408154601509e-07,0.8789774539050154,0.001189281477397914,32.194399738311766,-0.0008155958081969,0.0040402292165349,1.6323452122143007e-05,-0.0232641657970504,0.0217490111376785,-0.0061605539204498,0.0099350927318945,9.870606759134315e-05,-0.0591279122267232,0.0315662650030419
FastCharge_000039_CH27_structure.json,EL150800460507,860,1.0750394,0.0168324150145053,1.0809715,1.0055180303159121,1.0809796,1.0055255649234809,1.0796947,1.004330352915437,0.00018416195488724812,1.08029459,0.001467530409190857,1.0057496497337677,0.01663824999704952,-8.288338164187393e-06,0.8802079157003269,0.00041932465824866976,33.65709285736084,3.317486674669506e-05,1.080779308,0.0010110842581783003,1.0055255649234809,0.01663534112274641,-6.828488422028117e-08,0.879463257893642,0.0008670311599836517,33.679281082153324,-4.137038703865841e-06,1.0806390670000001,0.0008045905783757153,1.004330352915437,0.01668156130239363,1.921726655055317e-06,0.8776139449113827,0.0022661838913697364,33.772658042907715,-0.0054268656206688,0.0069136667925499,4.779878851840813e-05,-0.0403121990060872,0.0149604787809454,-0.0113262081111059,0.0137321768710328,0.0001885726816173,-0.0796948808603219,0.0229199484090401
FastCharge_000013_CH14_structure.json,EL150800463882,788,1.0507991,0.0165174584835767,1.0581003,1.0069482358711574,1.0607976,1.009515139478136,1.0599719,1.0087293565439863,0.0003492060902256042,1.0576539550000001,0.002661232625020781,1.0088673467649523,0.0154890419915318,-6.555184946024047e-05,0.8805605198860391,0.0013853613161318443,32.84826831817627,0.00011322019687875267,1.059476512,0.00225041319056212,1.009515139478136,0.015881234817206814,1.479748658844873e-05,0.8804206681715726,0.0009585748772192821,32.736644134521484,2.6677312931294117e-05,1.059991038,0.0016939602932642816,1.0087293565439863,0.016041887830942826,7.040863702989691e-06,0.8794046117459707,0.001474383592552602,32.76099136352539,-0.0024452314999313,0.0030678661579514,9.411802763103863e-06,-0.0147300023113836,0.0226946288222129,-0.0078397191591488,0.0090848358179933,8.253424183989482e-05,-0.0506643643834876,-4.482134291805551e-05
FastCharge_000073_CH35_structure.json,el150800460492,514,1.0649502,0.0177800208330154,1.0736306,1.008150991473592,1.0755733,1.0099752082303943,1.0746909,1.0091466248844312,0.0003375536842105491,1.07269795,0.0023988894994351577,1.0093164919824422,0.017538888659328178,-1.3395433867336052e-05,0.8745727693345826,0.0007665250499450642,33.30078296661377,9.341173109242734e-05,1.0740731780000001,0.0019394881202307317,1.0099752082303943,0.01753492612391706,-6.078465395615495e-07,0.8738037031498399,0.0011505990183807693,33.35988471984863,2.6084056405647168e-05,1.074580604,0.0014837220048863815,1.0091466248844312,0.017576294932514384,1.2988362549626512e-06,0.8714177277007835,0.002709908253730895,33.428610763549806,-0.0047253944359723,0.0068305509027021,4.665642563440581e-05,-0.0404406068236751,0.0103264551018429,-0.0121261235000289,0.0148820164615671,0.0002214744139623,-0.0856620605808649,0.0163255569162243
FastCharge_000045_CH2_structure.json,EL150800460486,1178,1.0725228999999998,0.017121972516179,1.0797766000000002,1.0067632122353753,1.0817146,1.008570166660311,1.0806296999999998,1.0075586264871361,0.00041579593984966494,1.07982544,0.002789414526634612,1.008704056575389,0.01605617664754386,-4.624797773540503e-05,0.8849043397471554,0.0022379617133969215,31.55353126525879,8.437347899157892e-05,1.081064286,0.002035005949967739,1.008570166660311,0.01656752657145257,2.167843765213564e-05,0.8851198890798824,0.001447453543357559,31.37854190826416,1.0553440144019971e-05,1.08115964,0.0014640802860499344,1.0075586264871361,0.016754554752260408,8.520434847777307e-06,0.8848779830305538,0.0011549699532461691,31.33370601654053,-0.0002287313544807,0.0013539787312649,1.833258404717954e-06,-0.0260153353881604,0.012423829073616,-0.0031755724303174,0.0032088280035053,1.0296577156079854e-05,-0.0222810926744561,0.0081862861937671
FastCharge_000037_CH22_structure.json,EL150800460658,896,1.0773282,0.017176728695631,1.0836941,1.0059089699870476,1.0846964,1.0068393271428335,1.0836461000000002,1.005864415319306,0.00025904360902254727,1.08304221,0.0017879970830233709,1.0066382742046482,0.017040279693901494,-7.564269174309732e-06,0.8768884597838484,0.0005215164226472817,32.01105031967163,6.70721344537784e-05,1.084064656,0.0014075724004341686,1.0068393271428335,0.01702482253313059,-1.0141454824887522e-06,0.876313599944737,0.0007506735213840716,32.00859912872315,8.452005400539795e-06,1.084203787,0.0010706795526818484,1.005864415319306,0.01703795272856946,9.214781960172389e-07,0.8748978750200248,0.0019995970914077226,32.09291389465332,-0.0038007644524836,0.0053597908637414,2.872735810304597e-05,-0.0311784401715038,0.0092785894417812,-0.0085556008821865,0.0110127745867616,0.0001212812040988,-0.0642754317396443,0.0344869401079521
FastCharge_000024_CH45_structure.json,el150800460474,469,1.0664768999999998,0.0177983436733484,1.0745265,1.0075478428084097,1.0768008,1.0096803784498287,1.0763599,1.0092669611503071,0.00032161458646618965,1.0742120700000002,0.002235886243103642,1.0090851475545322,0.017569378577172706,-8.236135083032929e-06,0.8741852493773283,0.0007676276954831212,32.95529155731201,9.767804561824667e-05,1.0756959539999997,0.0018751518346214028,1.0096803784498287,0.017580193877220106,1.0030993035720612e-06,0.8726075517805434,0.0017420167953797997,32.96338813781738,2.7476503450348392e-05,1.0762508450000001,0.0014465316726138507,1.0092669611503071,0.01767782920971508,3.5202289165014757e-06,0.8688867047890443,0.0042262076372834145,33.02517761230469,-0.0074754908009441,0.0104942805239526,0.0001101299237154,-0.056822618308153,0.0027672861729532,-0.0163501301730695,0.0191686035675752,0.0003674353627308,-0.1051868302464806,0.0055019411356136
FastCharge_000067_CH41_structure.json,EL150800453773,617,1.0702026000000002,0.0163486748933792,1.0760678999999995,1.0054805510657507,1.0760677,1.0054803641852486,1.0749753999999998,1.004459716319134,0.0002084450375939764,1.075420505,0.0015260559765207687,1.00579665943626,0.016150373872369495,-7.568373996063087e-06,0.8751877568093498,0.0004420040755168751,33.54440002441406,3.71712124849942e-05,1.0759731140000002,0.001070030864603405,1.0054803641852486,0.016154130585491613,3.985644710590077e-07,0.873920785294474,0.0013440232758193816,33.57959526062012,-5.830730873079129e-06,1.075745517,0.0008484139261062101,1.004459716319134,0.016213423106819346,2.3403256000465017e-06,0.8709206966394664,0.0035156067109066514,33.69292667388916,-0.0083924655937251,0.0098312797502986,9.66540615286325e-05,-0.0570434413667779,0.0057113974615794,-0.0175573875929792,0.0184492465309111,0.0003403746975583,-0.1045268272400488,0.001802942036007
FastCharge_000006_CH19_structure.json,el150800737270,1039,1.0683683000000002,0.0159374121576547,1.0727774,1.0041269476078614,1.0730721,1.004402788813558,1.0724456,1.003816380549666,0.00020622812030080318,1.0721742,0.00136865982369614,1.0044942366784937,0.01581133008003229,-7.704919890353424e-06,0.8802396637433911,0.00038310709678508227,32.970387840270995,4.34044609843908e-05,1.072814998,0.001012885851908276,1.004402788813558,0.015789372026920264,-1.4896050435443555e-06,0.8798671698928421,0.0005483821308972289,33.02267486572266,3.316146414642196e-06,1.072814416,0.0007383210128013253,1.003816380549666,0.01579997206106777,3.912925894577543e-07,0.8784229036683218,0.001736758344455149,33.087905387878415,-0.002929212160725,0.0052590212037642,2.7657304021641574e-05,-0.0320664465936793,0.0068734733842448,-0.0096823572559242,0.0121142687192767,0.0001467555066028,-0.0733703394812361,0.0086893905224889
FastCharge_000012_CH13_structure.json,el150800737280,1115,1.0622736000000002,0.0149485720321536,1.0651053999999998,1.00266579156255,1.065057,1.002620228912777,1.0635946000000005,1.001243559098146,0.00012153563909774485,1.06458537,0.0008528235779456004,1.0029130913165873,0.014968290226533962,7.974088920232307e-07,0.8860634966173165,0.00030838463421648237,36.066826820373535,2.5584499399759327e-05,1.064982864,0.0006429310939004061,1.002620228912777,0.01498571550473566,1.0039439561272354e-06,0.8855882533458522,0.0005592128039670295,35.999756774902345,-1.0865450945095464e-05,1.064629226,0.000648661194248556,1.001243559098146,0.014999449830502228,6.804227529436307e-07,0.8845808107355456,0.0012637973836246929,36.08627487182617,-0.0028584639965116,0.0054551014841962,2.9758132202880532e-05,-0.0286926991298437,0.0042322239235921,-0.0080236532539366,0.0118036985309453,0.0001393272990094,-0.0679130429457686,0.008044684364687
FastCharge_000056_CH11_structure.json,el150800460602,449,1.0708591,0.0178041979670524,1.0778636,1.0065410099237144,1.0791321000000005,1.007725572860146,1.0759983999999998,1.0047992308231772,0.00027507526315789305,1.077113595,0.0019179779040632533,1.0075406745854798,0.017645299714058576,-2.209826099469188e-05,0.8766013129858031,0.0009726923735901507,32.525680446624754,7.518996878750303e-05,1.07828491,0.0015837075225242463,1.007725572860146,0.017577843889594023,-4.803332425250941e-06,0.8755288168091871,0.0016261570984171284,32.64315029144287,-8.153149714969834e-06,1.077955578,0.0013487344745041346,1.0047992308231772,0.017555408757179928,-1.4383683275645147e-06,0.8723122502627355,0.0037943075040962762,32.74881639480591,-0.0057719581790308,0.0088861073466954,7.896290377699467e-05,-0.0491573395285622,0.0039884939991656,-0.016758501499504,0.0180929697194454,0.0003273555532687,-0.1036317021586499,0.0310917944900994
FastCharge_000039_CH28_structure.json,EL150800460644,917,1.076773,0.0166893359273672,1.0827931,1.0055908719850888,1.0831246,1.005898736316754,1.0818107,1.0046785162703744,0.00021029729323311696,1.08216079,0.0015642620790327886,1.0060111091195636,0.0165101626887917,-8.071950615796871e-06,0.8801667209562464,0.0003999990680691605,32.604521942138675,4.345666746696873e-05,1.082814394,0.001125444539266144,1.005898736316754,0.016506023332476572,-3.115238905808558e-07,0.8794622261982684,0.0008513881568946683,32.62045959472656,-1.487695769572739e-06,1.0827227230000005,0.0008752478632770173,1.0046785162703744,0.01654696172103281,1.7558729531456099e-06,0.8776889687876553,0.002192529947002832,32.70368427276611,-0.0051442087006668,0.0067832496832349,4.6012476265107355e-05,-0.0399310556325605,0.011815295639685,-0.011377127535558,0.0136337334959774,0.0001858786890393,-0.0803012377402172,0.0098085003590959
FastCharge_000015_CH12_structure.json,el150800737294,1267,1.0600003999999998,0.0149141186848282,1.0627875,1.0026293386304383,1.0624027,1.002266319899502,1.0606135,1.0005783960081527,0.00011978699248120934,1.062389515,0.0008523301457035524,1.0026468857936284,0.014696640335023353,-1.3923675830202122e-05,0.8901403247223264,0.0011630675053216607,36.35272769927978,1.3975241296508315e-05,1.0625936200000001,0.0005826822640170266,1.002266319899502,0.01465480806305999,-3.074460661783719e-06,0.8905882994894158,0.0010563416431586812,36.55143356323242,-1.8553947794782538e-05,1.062052784,0.0007641380936349035,1.0005783960081527,0.014621522137895178,-1.5768981987187948e-06,0.890174921538089,0.0011587677758751285,36.78314571380615,0.0012915663394424,0.0021265680844256,4.5222918176977605e-06,-0.0149905403305417,0.0092245818807183,-0.0003389621990323,0.0049493710738934,2.4496274027093335e-05,-0.0312622680549723,0.0218245074730298
FastCharge_000044_CH12_structure.json,EL150800463871,559,1.0800719,0.0154993636533617,1.0858023,1.0053055727123352,1.0834514,1.003128958359161,1.0767291,0.9969050208601854,5.610406015040102e-05,1.0841632499999998,0.0018715426576757278,1.0042109233653795,0.014402022864669526,-6.681679698981635e-05,0.877557624101802,0.001767347914680028,33.31197547912598,-1.5118847539055817e-06,1.084262048,0.0012290897402939917,1.003128958359161,0.014763013049960083,1.2171909678167648e-05,0.876070396063292,0.0018949008032262747,33.19521301269531,-7.807524152415444e-05,1.082204952,0.0025963822282738026,0.9969050208601854,0.014943425152450753,6.940614531571594e-06,0.8727622729314565,0.0038691039974073013,33.1392004776001,-0.0103187232217693,0.0114836573594875,0.0001318743863501,-0.06368822948009,0.0106393715088453,-0.0201857476842117,0.0205897043573209,0.0004239359255218,-0.1141546863371028,0.0221684799021026
FastCharge_000013_CH13_structure.json,EL150800463980,905,1.0729031999999998,0.0166738592088222,1.0795403,1.0061861125961784,1.0824872,1.0089327723134764,1.0816405,1.0081436051267254,0.00036259842105262625,1.0790336950000001,0.0026999211618999445,1.0081539508876478,0.01569686625152822,-4.126211922419421e-05,0.882647343126249,0.0012510388592332341,33.31148414611816,0.00012299811284513098,1.081046586,0.00237560356987526,1.0089327723134764,0.016195795238017993,2.1560651843859675e-05,0.8820975492892904,0.0010169082021179285,33.195428619384764,2.9769201320134285e-05,1.081616604,0.0017919155917018096,1.0081436051267254,0.016399427670985414,9.143650073512116e-06,0.8807313762092452,0.0017572217025037728,33.21057205200195,-0.0034262033075831,0.0037075760673487,1.3746120295177248e-05,-0.0224633003684324,0.0077158378567441,-0.009277559047233,0.0100373069962992,0.0001007475317379,-0.0593185580611601,1.7680648042972535e-05
FastCharge_000021_CH28_structure.json,el150800460510,474,1.0676208,0.017311904579401,1.0739849,1.0059610116251012,1.0701246000000002,1.0023452147054461,1.0600308,0.9928907342382239,0.00016679563909778123,1.0734297400000001,0.0015199122857586379,1.005866502413591,0.016695034410804464,-4.271948219914115e-05,0.8745646187751124,0.0007841241000968045,33.44381484985352,-5.3843961584649484e-05,1.07263565,0.0014223711659408678,1.0023452147054461,0.016476937122642945,-1.422711485932029e-05,0.8731093497437111,0.001587143334471121,33.485477447509766,-0.00014282506330632336,1.0689399820000003,0.00435158235099326,0.9928907342382239,0.016353701148182104,-5.637314276780519e-06,0.8695939064666107,0.0039855115551233585,33.59764053344727,-0.0081361513331278,0.0102309851726405,0.0001046730576027,-0.0608167073172847,0.0161280919185009,-0.0197177003520972,0.0207947840932794,0.0004324230454861,-0.1158096325480415,0.0291281045674272
FastCharge_000018_CH18_structure.json,EL150800464881,788,1.0825964,0.0164523068815469,1.0886388,1.0055813967236544,1.0887345,1.0056697953179967,1.0870851,1.0041462358456024,0.00022119578947367918,1.08790954,0.0016045126170896838,1.0059032156397343,0.016311393398791493,-7.397626855767391e-06,0.8744117269658291,0.00045770384564368534,32.973198318481444,4.27366866746506e-05,1.088545246,0.0011425435988547598,1.0056697953179967,0.016307253539562173,-5.2887709343978e-07,0.8733935264487106,0.001087175190530948,32.982657470703124,-6.6192925292569625e-06,1.0883107509999999,0.000955840401269479,1.0041462358456024,0.016326143443584396,7.94131566982485e-07,0.8710583354427891,0.0027629836167758852,33.044624938964844,-0.0071315026290257,0.0080076915253795,6.412312356563477e-05,-0.0438816018279841,0.004847074571018,-0.0144235823710417,0.015522247631484,0.0002409401715331,-0.0856491270299306,0.0042257611640517
FastCharge_000006_CH11_structure.json,el150800737313,1063,1.0642239,0.01516829803586,1.068262,1.0037944083007344,1.0681363,1.0036762940580455,1.0664777,1.0021177874317613,0.00016340330827070248,1.06765682,0.0011820567916136717,1.0038734330247612,0.015004955511540108,-1.1896955451573591e-05,0.8827071246882989,0.0006835990207735534,34.64493885040283,2.8393066026388198e-05,1.0680929879999999,0.00084215051591506,1.0036762940580455,0.014982224311679544,-1.590017090682054e-06,0.8827967310739956,0.000530983757174438,34.706428146362306,-1.2204248424842236e-05,1.0676866939999998,0.0007806130796777647,1.0021177874317613,0.014986396450549312,1.5779310362946692e-07,0.88201255628665,0.00108081216019467,34.830649833679196,-0.0010966696162159,0.0040858500368112,1.6694170523310834e-05,-0.022352846880409,0.0144956974477263,-0.0062204924088087,0.0099375656513274,9.875521107444296e-05,-0.0584896686443885,0.0077232428125038
FastCharge_000066_CH25_structure.json,EL150800460630,1017,1.0722208999999998,0.016710165888071,1.077704,1.0051137783268356,1.0785308999999998,1.0058849813503916,1.0776313999999998,1.0050460683987785,0.00021363533834588952,1.0771393800000002,0.0015017278087589678,1.0056691676127563,0.0165623744949698,-8.925972016235154e-06,0.8830326586186796,0.00045084848968305463,33.3082088470459,5.2156533013197496e-05,1.077892292,0.0011717638468292217,1.0058849813503916,0.01655293356627221,-8.968203043454943e-07,0.8824481863292634,0.0007475525949845606,33.30903717041016,5.416975697568858e-06,1.0779750639999999,0.000915731045615475,1.0050460683987785,0.016588676068931774,1.4403680920102274e-06,0.8809360056285764,0.00190550701993074,33.37808757781983,-0.0048184167563098,0.0055675172474806,3.0997248300994174e-05,-0.031680958798558,0.0099142188866685,-0.0104306817347008,0.0119620523290247,0.0001430906959223,-0.0696987854479211,0.0096616129212656
FastCharge_000062_CH47_structure.json,el150800460678,440,1.0683196,0.0179262720048427,1.0772098,1.0083216670367183,1.0796571,1.0106124609152543,1.0795197,1.010483847717481,0.00035679150375942135,1.076657595,0.002477625949063958,1.0097539163373956,0.017653448134660677,-1.042423615778291e-05,0.8744121039858795,0.0006388538063018731,32.23437671661377,0.0001087191020408202,1.078290158,0.0020729060552847154,1.0106124609152543,0.017683562673628285,1.9955297871652053e-06,0.872472514938331,0.0020118927960350087,32.24323890686035,3.492940954096055e-05,1.0790222310000002,0.0016408830863102364,1.010483847717481,0.017802399210631804,4.424463533940157e-06,0.8683312537767115,0.004717372853848097,32.308165855407715,-0.0085949694808522,0.0103993199857093,0.0001081458561651,-0.0595909966339642,0.0015949940026445,-0.0184845124786574,0.019756017063153,0.0003903002101995,-0.1118060684630015,0.0064724728981229
FastCharge_000036_CH48_structure.json,el150800460599,743,1.0383378,0.0179337263107299,1.0486518,1.0099331835940095,1.0497504,1.010991220776129,1.0470229,1.008364426297492,0.0004548315037594532,1.0475701650000002,0.003035818297802894,1.0112822628628177,0.017486899718642167,-3.911660409959747e-05,0.863214455009621,0.0009748753789305783,32.40477123260498,9.853953421367735e-05,1.049076476,0.0022827929711263734,1.010991220776129,0.017316936030983873,-1.1335703290524429e-05,0.8631290573774858,0.0007452320517681399,32.37862434387207,-2.9938817881779466e-06,1.048796292,0.0017336088455981002,1.008364426297492,0.0172271353937685,-4.329016533317862e-06,0.8617516715440261,0.0016236998951785983,32.40354320526123,-0.0019542466231353,0.0043131701484056,1.860343672909784e-05,-0.0250388214201024,0.0252379393409301,-0.0067027239404757,0.0099010353137229,9.80305002835891e-05,-0.0556043253958433,0.0161722288851455
FastCharge_000006_CH3_structure.json,EL150800737380,935,1.0674757,0.0157609917223453,1.0717069,1.0039637436243278,1.0721097,1.0043410824246397,1.0710108,1.0033116444711576,0.0001816515037594226,1.071163205,0.0012395649569405514,1.0043758373141423,0.015607212018221569,-9.46887985880157e-06,0.8813295040306933,0.0006768568981779181,32.147414207458496,3.9193589435767335e-05,1.07176253,0.0009270317343543386,1.0043410824246397,0.015573748648166609,-2.114112261964683e-06,0.8813174686226953,0.0005236009293692049,32.17351501464844,-8.020468046711214e-07,1.071663629,0.0007010309327404942,1.0033116444711576,0.015574562046676827,-6.040625839782311e-09,0.880307172664121,0.0013053885681442912,32.242770500183106,-0.002099460274816,0.0046458115288882,2.158356476195125e-05,-0.024539023579579,0.0196858316372412,-0.0080819542532799,0.0113308396042033,0.0001283879261361,-0.0644125394397212,0.0146331372658723
FastCharge_000000_CH19_structure.json,el150800440551,484,1.0454259,0.0178641229867935,1.049107,1.0035211486533862,1.0430199,0.9976985456358027,1.0328457,0.987966435497724,5.43488721806546e-06,1.04853696,0.0008870803962438012,1.0022208173721352,0.01727213887497777,-6.328911513538343e-05,0.8703981009000952,0.000586070636102818,32.3414400100708,-0.00012645664345739042,1.0466687000000001,0.0020011482558771453,0.9976985456358027,0.016920233368873546,-2.2573113298358463e-05,0.8691022836857631,0.0015978136510145706,32.39796962738037,-0.00017513794719471563,1.042205661,0.005124816566159141,0.987966435497724,0.016814421080052808,-5.721294760095818e-06,0.8660510318932544,0.003493454382617034,32.44289520263672,-0.0099184035225246,0.0134478988065461,0.0001808459823111,-0.0637184745889394,0.0141543762611417,-0.0212585249882908,0.0199408816081986,0.0003976387593121,-0.1076922805310154,0.0170569648737268
FastCharge_000032_CH22_structure.json,el150800463245,523,1.0757267,0.0174319297075271,1.0838825,1.0075816654918022,1.0849303999999995,1.0085557976761195,1.0825431,1.0063365536990019,0.00029137706766917495,1.0831985549999998,0.002126291136809595,1.008443036693242,0.01708392566069957,-1.9100906425402574e-05,0.8771510143530733,0.0006517238996060134,31.96283664703369,7.314842737094505e-05,1.084320796,0.0016300857464514127,1.0085557976761195,0.017036021575331642,-3.511121793955866e-06,0.8758099678121212,0.001465745065136402,31.92984836578369,-2.8086378637837057e-06,1.084118849,0.0012681855128880118,1.0063365536990019,0.017021088171750264,-9.553578279592235e-07,0.8726430938700718,0.003594712830270632,31.928760890960692,-0.0072858014959745,0.008819479446193,7.778321770182134e-05,-0.0488177427046059,0.0149202936373691,-0.0152374319598059,0.017581134192771,0.0003090962795042,-0.0979535561404589,0.0043271462139085
FastCharge_000030_CH30_structure.json,el150800460449,495,1.0742625,0.0173219926655292,1.0816983,1.0069217719132895,1.0826744,1.0078303952711745,1.0809475,1.0062228738320476,0.0002593896992481455,1.081138915,0.0019268596363708106,1.007673822738856,0.017025924380868633,-1.2795009503237702e-05,0.8778448947650057,0.000752940259299053,32.77579040527344,6.310657863145456e-05,1.08206937,0.0014393713530913511,1.0078303952711745,0.016993423514068077,-2.1414817417087323e-06,0.8766410835292453,0.0013763289737479443,32.800513916015625,7.851971197072833e-07,1.081991011,0.0011007240137196166,1.0062228738320476,0.017009858507662966,2.740479462541923e-07,0.8735523833213437,0.003522477011618605,32.865418128967285,-0.0071144775828268,0.0088871739568917,7.89818609400553e-05,-0.0509919491840795,0.0038087534254467,-0.016383287500402,0.018110705091466,0.00032799763891,-0.1027738323052598,0.0036012217811367
FastCharge_000015_CH14_structure.json,el150800739476,1048,1.0717411,0.0152975060045719,1.0745391000000002,1.002610705141382,1.0749913,1.0030326354004713,1.0738586,1.001975757018183,0.00012227112781959524,1.07417891,0.0008451244570476408,1.0028418243921038,0.015156178828328804,-8.039855699341441e-06,0.8843307674528006,0.0007326006769773172,32.00427942276001,3.245159663865173e-05,1.074673006,0.0006802474242244817,1.0030326354004713,0.015131151229143098,-1.6663330836312124e-06,0.8843299491837554,0.0005763467735618874,32.04495666503906,-3.416277827771924e-06,1.074509803,0.0005578241795503473,1.001975757018183,0.015130787910893513,-5.5636059377735585e-08,0.8833710216308771,0.0012596237794591425,32.11622192382813,-0.0015203208148616,0.0040751129351113,1.6606545433912117e-05,-0.0219662698134333,0.0201760095027463,-0.007487976491307,0.0107486186798151,0.000115532803524,-0.0633714185643197,0.0054582846869268
FastCharge_000045_CH3_structure.json,EL150800460623,1176,1.0773673,0.0169606246054172,1.0837816999999998,1.005953772682724,1.0858485,1.0078721527932026,1.0849403999999998,1.007029264764208,0.00034151451127823265,1.083906415,0.0023623433273500228,1.00760167864757,0.015892056468874184,-4.381219387278584e-05,0.8862857028980488,0.002544115392732173,31.71506862640381,7.871866026409768e-05,1.08504789,0.0017631160819696712,1.0078721527932026,0.016410645768046336,2.2111307529984638e-05,0.8864120806990564,0.0016355250527121613,31.526478118896485,1.4744604860487471e-05,1.085291158,0.0012902981795058265,1.007029264764208,0.016603205241262867,8.741045365668141e-06,0.8860938341198192,0.0012996516847892348,31.483089237213136,-0.0006630583355339,0.0010505368945427,1.1036277667955406e-06,-0.0063799471598446,0.0121676114102475,-0.0042000855221092,0.0032705712994532,1.0696636624807232e-05,-0.0227254802012235,0.0090518347183707
FastCharge_000051_CH16_structure.json,EL150800453113,719,1.0585988000000002,0.0171231105923652,1.0666022,1.0075603713134758,1.0684544,1.0093100426715012,1.0677497,1.0086443513822232,0.0002653939849624211,1.0650336,0.0022532401869307874,1.0079946245924327,0.016921813879162025,-2.206309481446967e-05,0.8781051332338696,0.0012480349590474299,33.07866287231445,0.0001102900168067163,1.0668258080000002,0.002056157323926337,1.0093100426715012,0.016825988478958564,-5.330522717977699e-06,0.8777871478543429,0.000919182089139844,33.049961166381834,3.356754935494169e-05,1.067566305,0.0016538681557714755,1.0086443513822232,0.016842817701399282,3.8981764051171907e-07,0.8764241926897668,0.0018819715272775984,33.147989959716796,-0.0033672581079896,0.0049176328515842,2.418311286298015e-05,-0.0262428444222382,0.007773614057172,-0.0088638958882943,0.0112107340807228,0.0001256805586286,-0.0635641980684416,0.0094152059479082
FastCharge_000063_CH6_structure.json,EL150800464865,1226,1.0760567,0.0168486256152391,1.0819536,1.0054801015597041,1.0835332,1.0069480539454843,1.0826457,1.0061232832805185,0.00020993706766920235,1.080814245,0.0017045989796650029,1.0061969782819065,0.01585956225171681,-4.220633046295272e-05,0.881963065255864,0.0010727389259550272,31.534576606750488,8.875797358942005e-05,1.082312828,0.0016354134671134337,1.0069480539454843,0.0163380446285009,2.041003980985772e-05,0.8816655208695162,0.0007448234118449788,31.415533332824708,2.246191119112115e-05,1.082775663,0.0012771495196456089,1.0061232832805185,0.016503994669765192,7.858507183178927e-06,0.8811863074604122,0.0011055379980644908,31.450732707977295,-0.0018306174780348,0.0028152463917798,7.925612246429622e-06,-0.0239913051278235,0.0153225036532225,-0.0045028482547608,0.0057716281996394,3.331169207487381e-05,-0.0350267345685089,0.0080777671821081
FastCharge_000005_CH18_structure.json,el150800460480,508,1.0610169,0.0176886636763811,1.0669696000000002,1.0056103724643783,1.0655146999999998,1.0042391407714615,1.0588086,0.9979186947917607,0.00018436864661654408,1.0660999150000001,0.0014829548281303148,1.0056996264621232,0.01741853747516865,-2.3165544060838786e-05,0.8734455584909124,0.0011050452724684326,32.73288478851318,1.1430972388926e-06,1.066149344,0.0010739647664909809,1.0042391407714615,0.017198863178491536,-1.2412618080965975e-05,0.8723731781434578,0.001682744093059421,32.85024749755859,-7.729498109810161e-05,1.064092328,0.002553241274226922,0.9979186947917607,0.01711685473099346,-4.189966188924086e-06,0.8691852616022353,0.0038145493652941074,32.95968879699707,-0.0052097315824342,0.0076575343433863,5.8637832220142e-05,-0.0454017986396189,0.004378328479953,-0.0149287060600602,0.0189137843073593,0.0003577312368253,-0.1037138246778726,0.0283522976662502
FastCharge_000012_CH15_structure.json,el150800737213,827,1.0500579,0.0153688499704003,1.0536922,1.0034610472432042,1.0534708000000002,1.0032502017269715,1.0518515,1.0017080962868807,0.00012181654135342564,1.0532206800000001,0.0009502342577490969,1.003494854902763,0.015231747087091161,-1.3374694083867595e-05,0.8783862477851944,0.00085182024780748,35.20374870300293,1.9592960384145787e-05,1.0535256,0.0006657123847428306,1.0032502017269715,0.015190126169472885,-2.6709455348291588e-06,0.8785245180332305,0.0006975464315753427,35.34587966918945,-1.370389858985598e-05,1.053126149,0.0007111995862618268,1.0017080962868807,0.015184480389580085,-3.488480702755241e-07,0.8775128262094997,0.0013780956863142632,35.55673782348633,-0.0014932992616658,0.0045347032423124,2.056353349583914e-05,-0.0256024711259925,0.0112017920135949,-0.0075493431109849,0.0109732249298145,0.0001204116653603,-0.0630287266167375,0.0083772675303341
FastCharge_000072_CH34_structure.json,el150800460641,530,1.0758885,0.0177113376557827,1.0834111000000002,1.006991988482078,1.0851756,1.0086320283189196,1.0847911,1.0082746492782475,0.00031216142857146205,1.082646755,0.002151787712455619,1.0080539944427327,0.017556668259203385,-8.652588926759078e-06,0.877189432684607,0.0008003447325032738,32.82629108428955,8.820943097238818e-05,1.083979388,0.001758397381895227,1.0086320283189196,0.017553397640585847,1.1864097035373873e-07,0.8762470608664945,0.001267023518279812,32.893708877563476,2.5234187218725036e-05,1.084489477,0.0013566390777841365,1.0082746492782475,0.01762822801247234,2.5202459444737454e-06,0.8734363840002038,0.003239298715512527,32.97111049652099,-0.0060334194390856,0.0085085915061866,7.239612941915218e-05,-0.0487496124080601,0.0072053756252166,-0.0128442813238816,0.0155003515190665,0.0002402608972146,-0.0912097175728678,0.0039584354931299
FastCharge_000064_CH39_structure.json,el150800460649,476,1.0661006000000002,0.017908165231347,1.0738974,1.0073133811199428,1.0756546,1.0089616308254585,1.074622,1.007993054314011,0.00029192255639100343,1.07311905,0.002091127535684952,1.0081537333343589,0.017681624460965346,-9.862234101707227e-06,0.8724639836461746,0.0007425768118959295,32.11627721786499,8.706286194477533e-05,1.074432574,0.001713163059000486,1.0089616308254585,0.01768505644053216,3.7772270167740743e-07,0.8710707604495843,0.0015725086288247492,32.12054210662842,2.1223027902798893e-05,1.07485604,0.0013002860430689712,1.007993054314011,0.01774439970031376,1.955163421178155e-06,0.8676832453278677,0.0038479177792352,32.17278938293457,-0.0073747630348958,0.0092863724266952,8.623671284728496e-05,-0.0523949229643445,0.0121695422844325,-0.0149224444983056,0.0171546514324367,0.0002942820657684,-0.0961364502554058,0.0047151213757419
FastCharge_000001_CH16_structure.json,el150800737229,666,1.0620248,0.0135169960558414,1.0624539,1.0004040395290204,1.0537841,0.9922405766795651,1.04378,0.9828207401559736,-0.00015394954887214404,1.061928015,0.0010000757932651996,0.9980379930864138,0.01358911534771318,7.158047274541159e-06,0.880136739105645,0.0003864682191139747,34.0256233215332,-0.00020047971188476055,1.0588747120000002,0.002915471926370777,0.9922405766795651,0.013669559732079452,5.154328472187776e-06,0.8795586330756459,0.0007884573956024393,34.10399101257324,-0.00020129592619261044,1.053842363,0.0058168878066480675,0.9828207401559736,0.013728524288162545,2.7180155764337705e-06,0.8778684969182065,0.0021268418635705007,34.10683071136474,-0.0060825927554776,0.0106471474634653,0.0001133617491087,-0.0624034239785267,0.015408131593686,-0.0152342793074602,0.0197670163468618,0.0003907349352571,-0.1128416691502507,0.0090903599230074
FastCharge_000037_CH21_structure.json,EL150800460472,901,1.0753927,0.0165217760950326,1.081143,1.0053471629480095,1.0827541,1.0068453133446043,1.0819131000000002,1.0060632734442032,0.00025756187969926754,1.080632065,0.0017117415690678605,1.0062209832742959,0.016441638674586957,-6.138268662125262e-06,0.8811793708382044,0.00038419981459351113,33.39288806915283,7.521585594237734e-05,1.081766424,0.0014314035911034918,1.0068453133446043,0.01642423518002028,-1.1950672245252236e-06,0.880525623013325,0.0007331175246523237,33.3862336730957,1.6216997299734446e-05,1.082087598,0.001091109416784582,1.0060632734442032,0.01643988346680994,7.823477685005155e-07,0.8791307319099692,0.0017781621172360822,33.45883289337158,-0.0039240517636583,0.0059980269626181,3.597632744429468e-05,-0.0325087974782851,0.0131299430317821,-0.0080170775318663,0.0110712576767179,0.0001225727465442,-0.0640782983754322,0.0055468989449383
FastCharge_000028_CH20_structure.json,EL150800460468,1054,1.0815607,0.0168988034129142,1.0866315,1.004688409998625,1.0880841,1.0060314691537886,1.0876312,1.0056127224297258,0.0002655821052631416,1.0859913100000003,0.0016829271311913502,1.0055555827795888,0.016849329508840986,-9.433919549884904e-06,0.8820458390252881,0.0002956516958647503,32.596026229858396,7.623981272509127e-05,1.087159894,0.0014336182938857792,1.0060314691537886,0.016815809421241234,-1.7197885397392381e-06,0.8815611498443252,0.0005258248207089915,32.59363349914551,2.1310680468052905e-05,1.087638457,0.0011440929090991644,1.0056127224297258,0.016835999600589225,8.562076227678854e-07,0.8800716770415694,0.001840170788720568,32.64276412963867,-0.0037364467941305,0.0050582237967921,2.558562797843485e-05,-0.0271102507218761,0.0123813797434664,-0.0088232383297346,0.0109599109864416,0.0001201196488307,-0.062889465670624,0.0127791124945719
FastCharge_000071_CH40_structure.json,el150800460627,467,1.0743777,0.0181788578629493,1.0841404,1.0090868416200371,1.0867133999999998,1.0114817163461227,1.0863159,1.0111117347279266,0.00039676112781956014,1.083156415,0.0027503086358215923,1.0103211375291945,0.017963398061692656,-1.0369950555319673e-05,0.8732172572845162,0.000714218493494986,32.04637441635132,0.00012211734453780249,1.085007866,0.0023196144591384115,1.0114817163461227,0.017971755601465654,7.207136230024617e-07,0.8717616702074626,0.001628834178811558,32.06575576782227,3.776767596759502e-05,1.0857941240000002,0.001823500879139912,1.0111117347279266,0.018062500972300718,3.2407608125755137e-06,0.8681978321917333,0.004079552410771528,32.1279310798645,-0.0074563529018151,0.0093335901733247,8.711590552358471e-05,-0.0537996886742009,-0.0005309925198813,-0.0157661759753959,0.0170019548256428,0.0002890664678932,-0.0985045574062386,0.0022307169813617
FastCharge_000045_CH1_structure.json,EL150800460514,1189,1.0691586000000002,0.0167652647942304,1.0745373,1.005030778408367,1.0767562,1.0071061487042239,1.0759126,1.0063171170301581,0.0012919873684210637,1.09706375,0.10141584150588358,1.0067995524705127,0.01675272621214385,1.2736851559657946e-07,0.8875145541677446,0.005274737660476565,31.69123992919922,-0.0005094293253301391,1.084741838,0.06492628030852186,1.0071061487042239,0.016659563705325082,-4.147042532642524e-06,0.8869615131949891,0.0034200773853244595,31.616283950805663,-0.00019386939393939027,1.0804821949999996,0.046108442317121,1.0063171170301581,0.016644541509449436,-6.650911770960428e-07,0.8863529312379629,0.002563241268990182,31.606591911315917,0.0003306575917279,0.0008621936134615,7.433778270938434e-07,-0.0194272496794813,0.0105827326805791,-0.0028248111597103,0.0035062141762146,1.229353784948838e-05,-0.0215095519134798,0.0012179742184752
FastCharge_000041_CH10_structure.json,el150800460605,159,1.06918,0.0178522318601608,1.0690311,0.9998607343945827,1.0343227,0.9673980994781046,0.96833885,0.9056836547634636,-0.0005493121804510943,1.0678746700000001,0.003406211414034618,0.9935524420584,0.01744888443499799,-2.460352572283278e-05,0.8548948028875734,0.002495256174125041,32.03074884414673,-0.0007919116302521159,1.056497558,0.011577095886207192,0.9673980994781046,0.017074055671691853,-2.2667763220304917e-05,0.8534938461280235,0.002551932249312437,32.21228141784668,-0.001083706941134106,1.029115678,0.03153821060295333,0.9056836547634636,0.016879002079367596,-8.444168789051138e-06,0.8501344993598374,0.004220404330479072,32.41214088439941,-0.0142560065055235,0.0093868886947568,8.811367936775379e-05,-0.0554716208276597,0.0120379210155343,-0.0405316368657245,0.0250841754705492,0.0006292158590373,-0.1258561124252795,0.0156470825504313
FastCharge_000065_CH33_structure.json,EL150800460659,870,1.0846132,0.0164493918418884,1.0910354,1.0059211892313316,1.0910343999999998,1.0059202672436587,1.0893713,1.0043869095452647,0.00019847075187970822,1.0903092749999999,0.001623840615908794,1.0051272656464074,0.01626207437366243,-8.710966746611667e-06,0.8805737083812225,0.0006524818152320124,33.06797008514404,3.713655222088893e-05,1.0908569499999998,0.0011503583431696513,1.0059202672436587,0.016249007098376702,-8.325460327775946e-07,0.8797695670227935,0.0009865489725693387,33.08000038146972,-1.1217425142510964e-05,1.090514677,0.00104282804391279,1.0043869095452647,0.01628713078796859,1.486293790471428e-06,0.8780003466970426,0.0022995475060998867,33.15511596679688,-0.0061772819502172,0.0073297440226218,5.3725147437160155e-05,-0.0439274196928605,9.4750553281564e-05,-0.011962407224465,0.0140836357396204,0.0001983487956463,-0.0832218912962736,0.0079370967642109
FastCharge_000020_CH23_structure.json,el150800460501,542,1.0713947,0.0178427007049322,1.0779557,1.006123793593528,1.0762296,1.0045127159953284,1.0714235,1.0000268808497934,0.00017345924812035406,1.0771866599999997,0.0015519189790063137,1.0060590182124292,0.017436218168586454,-3.1286227355773664e-05,0.8748650116998343,0.0006739125425914848,32.19328088760376,-4.419769507820092e-06,1.0771201499999998,0.0010638468375193777,1.0045127159953284,0.017255520783364734,-1.1443519094983663e-05,0.8734307676741717,0.0016050151044841288,32.217123374938964,-6.213360216021756e-05,1.07546583,0.0020668555597089964,1.0000268808497934,0.017154145240783653,-4.549257472904083e-06,0.8701351153296116,0.0037753123419716965,32.25231637954712,-0.0101344244241833,0.0103898870596213,0.0001079497531116,-0.0600914486321957,0.0049569285453605,-0.0162529810329893,0.0172790754124107,0.0002985664471077,-0.0996361497212059,0.019650367989743
FastCharge_000066_CH26_structure.json,EL150800460617,854,1.0728924,0.0167447607964277,1.0783457,1.0050828023387994,1.0793265,1.0059969667042101,1.0780438,1.0048014134502212,0.00023061939849627035,1.07789466,0.001561645922864709,1.0059004052969338,0.01658107331022616,-9.007324793731236e-06,0.8847008782638938,0.000442466282382737,33.78847103118896,5.8886972388947545e-05,1.078765008,0.0012335035584610148,1.0059969667042101,0.016567611955106212,-1.1287927448682222e-06,0.8842346797285694,0.0006256013423068061,33.786258392333984,4.0356093609381856e-06,1.078788333,0.0009353907298081293,1.0048014134502212,0.016597628016024782,1.2561986365368767e-06,0.8828597377134877,0.0017212112546790587,33.848078384399415,-0.0041737937505678,0.0052063350706362,2.7105924867737316e-05,-0.0294450533413517,0.0078634880661523,-0.0092647227677211,0.0114790373476377,0.0001317682984284,-0.0667820578684823,0.0108825659648115
FastCharge_000044_CH11_structure.json,EL150800464002,534,1.0702003,0.0157944243401289,1.0757242,1.005161557140285,1.0709916000000002,1.000739394298432,1.0612478,0.9916347435148356,2.4911729323326533e-05,1.07407891,0.001842582589980728,1.0037192103197878,0.014675535075366453,-7.90577367844448e-05,0.8742312606743814,0.001715704215810259,32.311234855651854,-5.877907803121583e-05,1.073318962,0.0015178167617851755,1.000739394298432,0.014993470255285454,9.382467891345324e-06,0.8727089222727336,0.0019432693879611466,32.15611480712891,-0.00013583780858085834,1.069844678,0.00414250916625613,0.9916347435148356,0.015064103025942991,3.2670159723320587e-06,0.8695884662307495,0.0037206730530012933,32.15507875442505,-0.0097633183289886,0.0115819403218748,0.0001341413416194,-0.064900441274569,0.005809075292837,-0.0196450161111556,0.0205756666733266,0.0004233580590518,-0.1138874354643744,0.0100824340497385
FastCharge_000022_CH24_structure.json,el150800460614,484,1.0623763000000002,0.0176512170583009,1.0701967,1.007361233491372,1.0714598999999998,1.008550266040385,1.0693567,1.006570553202288,0.00028342015037595013,1.06930245,0.0020471381554501497,1.008152478552091,0.01741596711799498,-1.9432028713530956e-05,0.8753907738386058,0.0008441930209272472,31.922829341888427,7.967146698678274e-05,1.070525194,0.001646475885205712,1.008550266040385,0.017351931370794726,-4.2267348550235175e-06,0.874456099817551,0.0012750364982043534,31.96129898071289,5.378864086415325e-06,1.0705404529999998,0.001242009380033407,1.006570553202288,0.017342551629990294,-8.167268665317017e-07,0.8714886025734588,0.003427476132662572,32.003457412719726,-0.0056202191836778,0.0085991767835062,7.394584135399281e-05,-0.0470489704039862,0.0051762156816819,-0.0149844610677492,0.0177318702552796,0.00031441922275,-0.0973270658115539,0.0062582509104371
FastCharge_000025_CH7_structure.json,EL150800464883,1074,1.0736028999999998,0.0165487006306648,1.080176,1.0061224685589059,1.0809518,1.0068450821062427,1.0797794,1.0057530582303758,0.00018669511278197602,1.078683065,0.00188108767001305,1.0061966114286764,0.016322456113994084,-7.97823855751423e-06,0.8770029953761721,0.001211933186068072,30.931344509124756,7.664378871547491e-05,1.0799525300000001,0.0015834405609621246,1.0068450821062427,0.016285702027380423,-1.9851971824630367e-06,0.8766688179118941,0.0008967826390679995,30.84765682220459,1.4889662166220111e-05,1.0802601980000002,0.0012340731847001692,1.0057530582303758,0.01627317169681187,-3.4438500372527064e-07,0.8756397362383845,0.0017530011410097162,30.921422538757323,-0.0033018183150792,0.0049207021475406,2.4213309624810823e-05,-0.0304257993069385,0.0108838421203554,-0.007562206566933,0.0095610573713638,9.141381805851072e-05,-0.0552587832823259,0.0103454324451108
FastCharge_000054_CH15_structure.json,el150800460634,531,1.0651802,0.0170367490500211,1.0724788,1.0068519861709786,1.0662351,1.0009903488630376,1.0521992,0.9878133296131492,0.00017918308270674732,1.071491685,0.0016979215377263383,1.0061712562813316,0.016251451428979588,-4.4955096130531757e-05,0.8746884009727779,0.0006680365371667594,32.92590446472168,-9.688145018007723e-05,1.070072764,0.0020161339867935226,1.0009903488630376,0.01598889566957946,-1.651424194584354e-05,0.8732753168897175,0.001517541648915608,32.7133666229248,-0.00020828862466246034,1.064729121,0.006260090069532452,0.9878133296131492,0.015877279601991135,-5.102153792597258e-06,0.8699211646635806,0.0038384369143164257,32.77175445556641,-0.0078871725315303,0.0112096640400737,0.0001256565678913,-0.0670186370099243,0.0135168055359531,-0.0214714173036153,0.0222435829081139,0.0004947769805901,-0.1245219835051183,0.0151913236474552
FastCharge_000065_CH34_structure.json,EL150800463198,842,1.0762453,0.0162336323410272,1.0822893,1.0056158201108985,1.0824821000000002,1.005794961427474,1.0810226,1.0044388579443737,0.00019794887218049523,1.08159275,0.001556602486346455,1.004847779590768,0.016061962023377365,-8.026339617886311e-06,0.8808587665271082,0.0006005525184979471,33.806505012512204,4.050649699879341e-05,1.0822297040000002,0.0011317831633241408,1.005794961427474,0.01605633404105896,-4.078913815452891e-07,0.880216213348698,0.0008439551895678699,33.818223266601564,-6.9991875187496585e-06,1.081978132,0.0009434174707816222,1.0044388579443737,0.016100253872573328,1.715721667009767e-06,0.8785526772007857,0.002062911666161595,33.89427848815918,-0.0057552055553507,0.0065218602203642,4.2534660733969616e-05,-0.0374971687667327,0.0069532528598341,-0.0115717307414067,0.0131240681829847,0.0001722411656716,-0.0763157127208287,0.0115010323501665
FastCharge_000061_CH43_structure.json,el150800460473,476,1.074605,0.0174016710370779,1.0820979,1.006972701597331,1.0837798,1.0085378348323337,1.082616,1.0074548322406838,0.0002741398496240807,1.0814474600000001,0.0019766951038032894,1.0080057323388594,0.0171815218403935,-1.2284181171790838e-05,0.8770270460323107,0.0006515097744306398,32.999498748779295,8.432870588234443e-05,1.0827454140000001,0.0016526840957678528,1.0085378348323337,0.017175996564328624,-4.2185822383287083e-07,0.8756017564200513,0.0015924294783003833,33.05699630737305,1.654902670266799e-05,1.0830367749999998,0.0012330589335773842,1.0074548322406838,0.017219928130507427,1.3930967735379024e-06,0.872144742489421,0.00394217756569628,33.13635833740234,-0.007048750470752,0.0092737335868218,8.600213463934821e-05,-0.0536619224017087,0.0200330592791644,-0.0139254513724222,0.0173607080930311,0.0003013941854914,-0.0998788339257688,0.0139627577289749
FastCharge_000067_CH42_structure.json,EL150800460642,625,1.0789777,0.0168002396821975,1.0856049,1.0061421102586272,1.0860772,1.0065798394165144,1.0847629,1.0053617419525909,0.00023126999999999902,1.084857675,0.0017236093092330683,1.0065298847232893,0.0166225940920412,-8.457200251575234e-06,0.8768814276601058,0.00041268427000414,33.37654495239258,5.3294943577423046e-05,1.085660452,0.0012737334021277623,1.0065798394165144,0.016628881581127592,4.2256696813848075e-07,0.8755251354843904,0.0013693656100373975,33.407689056396485,7.724668466824687e-07,1.0855921860000002,0.0009584240660605207,1.0053617419525909,0.016692195888608645,2.4805044402707103e-06,0.8726493613756041,0.003367529912766914,33.50507804870605,-0.0082273519877274,0.0096499412808733,9.312136672430346e-05,-0.0545073309639385,0.0167409581914523,-0.0165155555758681,0.0180113790064485,0.0003244097737139,-0.1007532830379855,0.0199857363644322
FastCharge_000016_CH17_structure.json,el150800460478,510,1.0648883999999998,0.0177238583564758,1.0731639,1.0077712368732725,1.0758883,1.0103296270294615,1.0738370000000002,1.0084033218880029,0.00041708203007520935,1.0718194049999998,0.002851140250579599,1.0091039586871264,0.017530267406254955,-2.7990378999620622e-05,0.8744418171612163,0.0016509872111342668,31.267629528045653,0.00014458931572629055,1.074024578,0.002690088262885827,1.0103296270294615,0.017419094555079884,-7.961363691528068e-06,0.8735322793261574,0.0018793225954226442,31.360947875976564,2.5714010201019454e-05,1.0744857439999997,0.002056727461688609,1.0084033218880029,0.01738586803898211,-2.0068267708492334e-06,0.8705758268731618,0.0036734229316559815,31.432479610443114,-0.007312262490048,0.0095903521538271,9.197485443441628e-05,-0.0498098688666903,0.0111831743632784,-0.0175117408397868,0.0177298764217985,0.0003143485179322,-0.0964855719904385,0.0282817388593228
FastCharge_000006_CH8_structure.json,el150800737369,940,1.0686373,0.0157443918287754,1.0727483,1.003846955370171,1.0737377,1.0047728073875017,1.0729284,1.004015487761844,0.00021700421052631055,1.07230934,0.0013825381876823581,1.0046869035920791,0.015610265266150194,-9.250069471231235e-06,0.8795602621683736,0.0005533067834027168,33.21134033203125,5.536770228090501e-05,1.0731782760000002,0.0011276751276072252,1.0047728073875017,0.01557609904557462,-2.120846227294907e-06,0.8794211898687574,0.0005517770864379008,33.26235694885254,7.330688868883244e-06,1.073270589,0.0008266852983929177,1.004015487761844,0.015574222635477737,-1.3568614906580138e-07,0.8781955783615628,0.0015300825293621623,33.350873184204104,-0.001019894162819,0.004010790593096,1.608644118166789e-05,-0.0223062357519898,0.0120241689861479,-0.0074996484628686,0.0108058710803567,0.0001167668498052,-0.0631020329197622,0.0290893644738936
FastCharge_000070_CH46_structure.json,el150800460613,501,1.0661633,0.0173505842685699,1.0739754,1.0073273015493969,1.0751066,1.008388302242255,1.0730408,1.0064507003758243,0.00028843781954892916,1.073560495,0.0020853879122300265,1.008442515325748,0.01705991290509696,-1.3241115817451857e-05,0.876709354614299,0.0007954365376734807,32.633526992797854,6.894837454981128e-05,1.074588674,0.0015682386205944792,1.008388302242255,0.017005079723894548,-3.460094797797375e-06,0.8754912676183327,0.0014019028957257189,32.59734436035156,-1.893537353730156e-06,1.074424446,0.0012148963519922342,1.0064507003758243,0.017003374192863657,-4.380010906691859e-07,0.8726852155918629,0.0031908455343040874,32.613864974975584,-0.006288880624743,0.0088249934177977,7.788050882417426e-05,-0.0487535246699861,0.0005747257367567,-0.0133183497346419,0.0156292765420096,0.0002442742852266,-0.0907544921123402,0.038709785278117
FastCharge_000017_CH17_structure.json,el150800737307,1836,1.0664694,0.0155651774257421,1.0702851,1.003577880434263,1.0704235,1.003707654434342,1.0684743,1.0018799414216668,0.00017256203007518913,1.0697268350000002,0.001202358817606055,1.0030241842850818,0.015447920747101256,-7.0618227460322576e-06,0.8852958441480006,0.0008791667699643945,32.690664291381836,3.297515966385463e-05,1.070205942,0.0009369310489230412,1.003707654434342,0.015424359329044766,-1.6899092071488255e-06,0.8853447835547099,0.0006716020755396787,32.744175033569334,-8.463786378618645e-08,1.070140345,0.0007267536811568384,1.0018799414216668,0.015429634600877713,1.6526323277951183e-07,0.8847632765159572,0.000979140114704382,32.79657356262207,0.0002201591312001,0.0028384086355059,8.056563582114813e-06,-0.016181136812972,0.0090193623729928,-0.0049265200563201,0.0082235176221382,6.762624208161882e-05,-0.0536426621905743,0.0197098537447408
FastCharge_000023_CH38_structure.json,EL150800460601,648,1.0719458,0.0166842862963676,1.0783199,1.0059462894485898,1.0787735,1.006369445171575,1.0768065,1.00453446433579,0.00021233939849624715,1.07753131,0.001619349874455792,1.006258898537594,0.016502055339515168,-9.19853722242336e-06,0.8796507673539595,0.00042927551987624894,32.82827796936035,4.283745978391315e-05,1.078169586,0.0011742622763267134,1.006369445171575,0.016500863432884174,-7.436019318138473e-08,0.8788872686881385,0.0009397469351779806,32.86502296447754,-5.779003900398145e-06,1.0779692,0.0009661233492675813,1.00453446433579,0.016547800637781575,2.009097208427372e-06,0.8767346325811316,0.0026331942492308223,32.95829029083252,-0.0040266547806233,0.006994379313314,4.892134197851562e-05,-0.0383181015060047,0.0069072354018877,-0.0135352214212416,0.0160375404147935,0.0002572027025561,-0.0908583968117198,8.259377323405204e-06
FastCharge_000068_CH38_structure.json,el150800460511,489,1.0712371,0.0183374248445034,1.0786763,1.0069444943607722,1.0813301000000002,1.0094218170748568,1.081265,1.0093610462146987,0.0003039069924812322,1.0780693549999998,0.0020557393778090956,1.008234778276443,0.018074234947562176,-1.2679218797755589e-05,0.874901358974232,0.000609757963021931,31.89945764541626,0.00010786150300119212,1.079710468,0.0018924107940339115,1.0094218170748568,0.01807752843946214,1.9427080328948977e-07,0.8734993813382929,0.0015303838408995529,31.89801193237305,3.962108370836878e-05,1.0805891740000002,0.0016030140990409398,1.0093610462146987,0.018154354132711843,2.7287953963267293e-06,0.8701714405995475,0.00381264504034001,31.942425289154052,-0.0072984481821679,0.0092666095822973,8.587005315072578e-05,-0.0518767585569697,0.0122028329160537,-0.0152442759910412,0.0177123882568722,0.0003137286977621,-0.0997534971830682,0.0234419202659483
FastCharge_000027_CH31_structure.json,el150800460527,496,1.0634685,0.0178773943334817,1.0711464,1.007219677874803,1.0730506000000002,1.0090102339655573,1.071249,1.007316154639277,0.00029523142857145504,1.0704465500000002,0.0020530006175108898,1.008277349070518,0.01758239148184652,-2.0470491197324042e-05,0.8756392147511987,0.0006261226913589888,32.410397338867185,9.215042016806975e-05,1.071864778,0.001749379930637164,1.0090102339655573,0.01751708719879384,-4.441010869708414e-06,0.8747509292776848,0.0010943626035790246,32.40320686340332,1.3365257725775308e-05,1.0720643979999998,0.001311082723170459,1.007316154639277,0.017501264438033057,-1.094389316773128e-06,0.8720530789518448,0.0030852166399067448,32.40640190124512,-0.0052507706058356,0.0080777911705272,6.525071019464738e-05,-0.0438736674832829,0.0189445993886252,-0.01394969220846,0.0168715425630486,0.0002846489484567,-0.092724962935057,0.0152482622746044
FastCharge_000034_CH27_structure.json,el150800460466,490,1.0680432,0.0177473779767751,1.0752143,1.0067142415213168,1.075193,1.0066942985077758,1.0705185,1.0023176028834788,0.00022868105263157857,1.07452034,0.0017817020641510174,1.0071229328551505,0.01739050708711141,-1.966855523729551e-05,0.8772255261702835,0.0006691763182102609,33.08891582489014,4.1468052821124004e-05,1.0751655599999999,0.0012540476537994938,1.0066942985077758,0.017277207523584314,-7.288511059864934e-06,0.876046449271815,0.0013636138435467852,33.13750099182129,-3.656212541254209e-05,1.07414894,0.001636614459364221,1.0023176028834788,0.017201085332781026,-3.4620316334217635e-06,0.8729449451470208,0.00353288250241572,33.20815006256103,-0.0064841176562451,0.0097430634431113,9.492728525649328e-05,-0.0538757663199893,0.0078929974676018,-0.0169069966548344,0.0189393801731867,0.0003587001213445,-0.1071634204653757,0.007606347933224
FastCharge_000069_CH25_structure.json,el150800460610,526,1.0682162,0.0173090547323226,1.0760785,1.007360214158894,1.0777763,1.0089495927884262,1.0759076,1.0072002278190502,0.0003063637593985077,1.07523552,0.002126929531648847,1.0085405931870346,0.017104253452271175,-1.3991998494567256e-05,0.8782513390526179,0.0019973583487230577,32.834526252746585,8.334424969987821e-05,1.076473468,0.0017009025149537578,1.0089495927884262,0.01706866033375258,-2.5405835847755434e-06,0.8767950378001187,0.0020769301357491496,32.9528237915039,1.1568051005108227e-05,1.0766113169999998,0.0014656539561612115,1.0072002278190502,0.01706234414130444,-5.342676551571439e-07,0.8741407460774328,0.0034555402081109144,33.061848106384275,-0.0048065303422928,0.0067029499416476,4.492953792023376e-05,-0.0403730500906327,0.002370680352866,-0.0164681347676853,0.0167747884974033,0.0002813935291326,-0.0967407684558132,0.0091335610933072
FastCharge_000060_CH29_structure.json,el150800463208,497,1.076097,0.0172646287828683,1.0830935,1.0065017372969165,1.0800234,1.0036487417026532,1.0716245,0.9958437761651597,0.0001625784962406289,1.08245618,0.001605799396126422,1.0063826030553007,0.01678009368479246,-2.8627419045993298e-05,0.8763131511806176,0.0005565397818438023,33.219919776916505,-3.4857757503006144e-05,1.081960768,0.0012834743181598792,1.0036487417026532,0.01664307091385121,-8.771671843127648e-06,0.8745934182349896,0.001799203095309943,33.25694938659668,-0.00011589506150614574,1.078944168,0.0035889768214319782,0.9958437761651597,0.01660285349935288,-2.0964091384942995e-06,0.8707219764208867,0.004401799184088912,33.36114818572998,-0.0101321541922606,0.0118985160115202,0.0001415746832764,-0.0665047143314803,0.0181028508800604,-0.0236300000127155,0.0231664028319979,0.0005366822201744,-0.1266047768333491,0.010553974521112
FastCharge_000043_CH16_structure.json,el150800460451,580,1.0651031000000002,0.0183869041502475,1.073199,1.0076010481989959,1.0724401,1.0068885350159995,1.0670482,1.001826208185855,0.0002737802255639306,1.0724083950000003,0.0020572877561184344,1.0081754526862232,0.017978544346988142,-2.5154104022154876e-05,0.8744710271299339,0.0006840199562170622,33.06397705078125,3.454490276109628e-05,1.072964592,0.0014141610033995243,1.0068885350159995,0.017855334654450366,-8.174921033762994e-06,0.8731596739438555,0.0014453777320266243,33.19296569824219,-5.441226822682122e-05,1.0714675710000003,0.0021277289763639816,1.001826208185855,0.017771351560950235,-3.8011374771863072e-06,0.8702693007369645,0.003263527380763478,33.4035612487793,-0.0068478101878246,0.0103782380764606,0.0001077078255716,-0.0558481222844688,0.0225413473427149,-0.0133365282416065,0.016896243038857,0.0002854830288281,-0.0957851609424005,0.0068261493685319
FastCharge_000023_CH37_structure.json,EL150800460506,704,1.0750237,0.0165506824851036,1.081539,1.006060610570725,1.081803,1.0063061865519802,1.0802411,1.0048532883507593,0.00021426225563910266,1.0807273800000001,0.0016618311561647902,1.0063312092561307,0.01637600082904096,-7.626207027219335e-06,0.8800708378600621,0.0005224088604065077,31.942826366424562,4.188081632653702e-05,1.081351792,0.0011920088014507268,1.0063061865519802,0.016385029479861212,5.710044471010809e-07,0.8790779177444494,0.0011261582901976733,31.969898681640625,-3.2551161116065756e-06,1.081214031,0.0009389921332678937,1.0048532883507593,0.016438875626772598,2.2869861491657456e-06,0.8767194707377028,0.0028498751290718448,32.045563068389896,-0.0048933358941987,0.0077369132323231,5.9859826364497566e-05,-0.0452827826872992,0.0210791079430427,-0.013598088469635,0.0160295205979299,0.0002569455305994,-0.0937625168306919,0.0245608519253761
FastCharge_000051_CH15_structure.json,EL150800463838,880,1.0682120000000002,0.0171634368598461,1.0752021,1.0065437385088352,1.0766748,1.0079223974267277,1.0762016,1.0074794141986796,0.0002146484962406161,1.073790975,0.0019237581323739517,1.0068680187078969,0.017050781473517372,-6.829683942005614e-06,0.8769817973954854,0.0011197490906998708,33.11511707305908,9.488989195678406e-05,1.075357024,0.001776139654594743,1.0079223974267277,0.016977989114820905,-3.440644757515752e-06,0.8766292329199383,0.0008619776668432024,33.036263656616214,3.0142567056709714e-05,1.076024008,0.0014463278723498214,1.0074794141986796,0.0169768862240016,-1.1903417967034859e-07,0.8753777534931442,0.001838379792742973,33.0784744644165,-0.0031892092951393,0.0046986065164209,2.207690319615379e-05,-0.0276110859837253,0.0091242989913644,-0.008638522055994,0.0108632893884876,0.000118011056338,-0.0629089372258073,0.0082192066549637
FastCharge_000063_CH5_structure.json,EL150800464977,1226,1.0769014,0.0164567735046148,1.0843078000000002,1.0068775098630203,1.085786,1.008250151778055,1.0847498,1.0072879466959557,0.0002302836842105433,1.0829206149999997,0.0019748127063788008,1.0074368925511659,0.015490804053842983,-3.78290961559551e-05,0.8850601124683617,0.0011180867398562395,30.139066886901855,9.081486674669583e-05,1.0844421759999998,0.001766129396568674,1.008250151778055,0.01597427908331152,2.1106250950840238e-05,0.884463090296908,0.000895168143076621,29.95678321838379,2.1408081608161613e-05,1.0848684940000002,0.0013487385807353504,1.0072879466959557,0.016149262245744422,8.246754166191325e-06,0.8836771986632734,0.001213496501452486,29.94550937652588,-0.003213958871974,0.0038831337126759,1.507872743052028e-05,-0.0208247289437029,0.0044019173331384,-0.005877962129356,0.007581572862669,5.74802470719596e-05,-0.0434452131649476,0.0281071562089576
FastCharge_000019_CH29_structure.json,EL150800460640,731,1.0751325,0.0163221936672925,1.0810486,1.0055026706010652,1.080977,1.0054360741583015,1.0793803999999998,1.0039510478940965,0.000196947744360901,1.0804068349999998,0.0015080492980254325,1.005784310305939,0.01612861184403296,-7.804442561209173e-06,0.8775403755897375,0.0004593901937927055,32.9782169342041,3.360612244897562e-05,1.08089177,0.0010357851414748167,1.0054360741583015,0.01612887252122159,3.416829106316491e-08,0.8765331138299434,0.0010855911745130912,32.99202568054199,-9.106313831375672e-06,1.0806160599999999,0.0008899186468436351,1.0039510478940965,0.016168615575879768,1.7503445463391912e-06,0.874270800457754,0.00278685118596493,33.07961254119873,-0.006709557953935,0.0085957225878891,7.388644680794823e-05,-0.0486065672075612,0.0137165550645055,-0.0140985580180765,0.0161971435846171,0.0002623474603007,-0.0923303195578983,0.0113920588765314
FastCharge_000014_CH23_structure.json,EL150800460653,862,1.0785451,0.0168507397174835,1.0857847,1.0067123757736234,1.0870649,1.007899345145604,1.0863206,1.007209248829743,0.000205029924812062,1.08425898,0.0019355687759932405,1.006842736571702,0.015856568235903933,-7.135449187424131e-05,0.8753355227183505,0.0015179592375855974,32.33707733154297,9.202198799519247e-05,1.085785478,0.0017574369279481968,1.007899345145604,0.016348123550414997,1.942645709196874e-05,0.874844653365139,0.001168652943893888,32.29914710998535,2.7179943594369173e-05,1.0863903119999998,0.0014285037777534899,1.007209248829743,0.016532081104814963,8.400868285785842e-06,0.8735559890159046,0.0020144539348408803,32.41669570922851,-0.003845603871591,0.0055125950427134,3.038870410494937e-05,-0.0313549362703109,-0.0002881839372195,-0.0080162469406491,0.0107106045092464,0.0001147170489534,-0.0612588839720213,0.0351715147738658
FastCharge_000012_CH37_structure.json,el150800737251,850,1.0592589,0.015114452689886,1.0638406,1.0043253825858816,1.0642054,1.0046697743110775,1.0627574,1.0033027808404538,0.00019043052631583052,1.06310183,0.0013220671655025807,1.0046499491295282,0.014941971981897895,-1.0135204748327758e-05,0.8822638644090128,0.0006551650926742997,35.146755599975585,4.507850180072465e-05,1.06377462,0.0010042827295139699,1.0046697743110775,0.01491511583328242,-1.6682375879847667e-06,0.8822345194696816,0.0006264580924168087,35.20778205871582,-1.2718469846973785e-06,1.063664561,0.0007779174287667128,1.0033027808404538,0.0149213906936347,1.6568913192954422e-07,0.8811436256558035,0.0014376362409255256,35.30704063415527,-0.0012240572242169,0.0046124177543681,2.1274397540810963e-05,-0.02525628396709,0.0232507826518135,-0.0073269386538215,0.0115990959508644,0.0001345390268773,-0.0672628192033775,0.0272664218258391
FastCharge_000006_CH35_structure.json,el150800737259,989,1.0600799,0.0157979000359773,1.0642061,1.0038923481145148,1.0652844,1.0049095355925528,1.0643663,1.0040434687989084,0.00020175165413531814,1.063734675,0.0013187518776763489,1.0046595544354722,0.015653246408328367,-7.52392610100776e-06,0.8818531023436451,0.0005616798512012762,35.43637256622314,5.7928873949573075e-05,1.064634464,0.0011179642614609496,1.0049095355925528,0.015633374042808967,-1.3096379239163759e-06,0.8815679788473118,0.0006606171663712497,35.47908485412598,9.56177197719534e-06,1.064775079,0.0008395697344824638,1.0040434687989084,0.015643411921337197,3.849647094223118e-07,0.8802833071137013,0.0015794376822352335,35.580834770202635,-0.0016406521378782,0.004926189898186,2.4267346912989817e-05,-0.0266697637191111,0.0375094039719066,-0.0073858231667973,0.0114656751379881,0.0001314617063698,-0.0673213672184682,0.0093377173840365
FastCharge_000057_CH35_structure.json,EL150800460615,709,1.077118,0.0161449871957302,1.0833608,1.0057958366678488,1.0832798,1.0057206359934565,1.0814073999999998,1.0039822934905922,0.00021440097744361602,1.082662155,0.0016060220968202657,1.0061178998029927,0.015969421714544244,-7.718123663637137e-06,0.8801499135397336,0.00040731719883939236,33.433426475524904,3.599079951980673e-05,1.083155452,0.0011195205143703217,1.0057206359934565,0.015969520583748776,-8.356814481652817e-09,0.8793741854406906,0.000896634964270658,33.45656837463379,-1.2492499249914237e-05,1.08276666,0.000995628007540972,1.0039822934905922,0.01601078186184163,1.7186971154972733e-06,0.8774838050843685,0.0023044222998733666,33.538904685974124,-0.0061152416557747,0.0075712271723749,5.732348089570914e-05,-0.0432311558645688,0.0048004036686437,-0.0127341810365813,0.0149497635067633,0.0002234954289081,-0.0859609385295967,0.0023480885033206
FastCharge_000053_CH42_structure.json,el150800460513,441,1.0648383999999995,0.0179311279207468,1.073298,1.007944491859047,1.0757265,1.0102251196050034,1.0736983999999998,1.0083205113564653,0.0003549027819549107,1.072624815,0.002417193989789673,1.009458148766987,0.01777604883536692,-1.4422168689115888e-05,0.8739062191603011,0.0007126369783973455,32.82341079711914,0.00010636189195677457,1.074235716,0.002039523033295818,1.0102251196050034,0.017774327211081943,-4.1123993900533145e-07,0.8728377090902613,0.0014132254067941174,32.957325820922854,2.2029288928892834e-05,1.074632714,0.0015324549906617399,1.0083205113564653,0.01779034471139308,2.913402676796776e-07,0.8697142368441342,0.0036100324960891923,33.13088603973389,-0.0049383512706943,0.006457983239071,4.170554751612252e-05,-0.0406121246092965,0.0057401235236631,-0.0178843462162783,0.0176554359763305,0.0003117144195143,-0.1023300878955151,0.0024689018074433
FastCharge_000002_CH42_structure.json,el150800737304,1284,1.0594152,0.0156084727495908,1.0624503,1.0028648824370276,1.0624685,1.0028820617261298,1.0609198,1.0014202174935758,0.0001314847368421194,1.0620825449999998,0.0009128817647839103,1.0031523995502425,0.015394246904179404,-9.936806430717806e-06,0.8817593587811705,0.0008316056874115493,32.96262950897217,2.3927947178865234e-05,1.0624493339999999,0.0006587450907930948,1.0028820617261298,0.015351960472762542,-2.58350071786837e-06,0.8820133530371393,0.000614774086102009,33.0096019744873,-1.058695769576837e-05,1.0621317549999998,0.0006554149846280574,1.0014202174935758,0.015343473972752646,-4.465387284111465e-07,0.8815133867463157,0.0008251632569300587,33.106208686828616,-0.0012858210071906,0.0037507961632145,1.4068471857985336e-05,-0.0205748330614743,0.008085367311033,-0.0053259695906177,0.0091148404763882,8.308031691000522e-05,-0.0534393620127575,0.0085890223333167
FastCharge_000046_CH31_structure.json,EL150800460433,890,1.0764788,0.0168119575828313,1.0830258,1.0060818661733049,1.0837351,1.0067407737151906,1.0820541,1.0051792009280627,0.0002346105263157877,1.0823475599999999,0.0017259894325863927,1.0065255349199629,0.016598024033009952,-1.0711310389347123e-05,0.8802166809800027,0.000515096087697276,32.72783527374268,4.874767346938432e-05,1.083065482,0.0012513925541875331,1.0067407737151906,0.016575196161866135,-1.5204270132164279e-06,0.8797333618907954,0.0006571454666903509,32.750267791748044,-2.6931767176695876e-06,1.0829148050000001,0.0009800505196544647,1.0051792009280627,0.016594173144549088,1.0451247165092631e-06,0.8782490133803768,0.001995713588984962,32.84231739044189,-0.0001775109742453,0.0037719985350754,1.4227972948611103e-05,-0.0301232760267478,0.0075345303530198,-0.0100701804170166,0.0119706852716685,0.0001432973058733,-0.0699792059430386,0.0013998288630947
FastCharge_000015_CH36_structure.json,el150800737287,1028,1.0709693,0.0157164484262466,1.0749502,1.003717100013978,1.0754290000000002,1.0041641716527263,1.074435,1.0032360404728689,0.00019194045112782635,1.07444523,0.001276195374188439,1.004223837228574,0.015607272228226022,-6.861023296764522e-06,0.8850340118276762,0.0006025809005888047,35.56703186035156,4.4413930372133484e-05,1.075102506,0.0009744926957981807,1.0041641716527263,0.01558948339894409,-1.2243304307724861e-06,0.885026858802792,0.0005061761316191506,35.63434463500977,2.0450819081967206e-06,1.075070867,0.0007315338837066959,1.0032360404728689,0.015594801502302245,2.332350550437331e-07,0.8839826828406526,0.001362215521545395,35.74414512634277,-0.0010513678481041,0.0039346923328606,1.5481803754272742e-05,-0.0206983144462111,0.0242158491141633,-0.0071598057841897,0.0107846875944377,0.0001163094865096,-0.0638668213736037,0.0234765856025744
FastCharge_000058_CH46_structure.json,EL150800460636,651,1.0662935,0.0161279141902923,1.0714344,1.0048212804448307,1.0708283,1.0042528628374834,1.0688358999999998,1.002384334144398,0.00017685030075191254,1.070826205,0.0013543325328274965,1.0049536079887949,0.01602340610697861,-5.5954406472079275e-06,0.8775767892055303,0.000286411090547525,33.260057067871095,1.6268941176457578e-05,1.0710419020000002,0.0008908313621533439,1.0042528628374834,0.016045779064297626,1.5317778341190411e-06,0.8765527745507488,0.001016422946752874,33.2537328338623,-2.0789402940283126e-05,1.070479908,0.000977937346324385,1.002384334144398,0.016105086132883983,2.5105078702141565e-06,0.8744164910648979,0.0025678378504865674,33.34027984619141,-0.0059525078414388,0.0082387450650975,6.787692024766843e-05,-0.0464199825896516,-0.0003956828812281,-0.0133882691868534,0.0158730794793947,0.0002519546521591,-0.08987755126032,0.0032769626406223
FastCharge_000014_CH24_structure.json,EL150800460522,857,1.0697117,0.0168327651917934,1.0757508999999998,1.0056456333047492,1.0774972,1.0072781292379993,1.0769763,1.0067911756036698,0.00027143879699249363,1.0752219100000002,0.0018007292214267028,1.0067521931376464,0.016657559294253534,-8.398640368666803e-06,0.874809737821327,0.0005724892778258489,31.94753952026367,8.364930612243092e-05,1.0765304560000002,0.0015664151380984422,1.0072781292379993,0.016657635681331107,-8.700945440311832e-08,0.874313540017289,0.0007066902006161404,31.950818939208986,2.174775097509847e-05,1.0770322909999999,0.0012768185983995392,1.0067911756036698,0.016677792947739318,1.3906361036140719e-06,0.8728327138080725,0.0023379352270313882,32.08883083343506,-0.0036513838096255,0.0052259254583937,2.7310296896687412e-05,-0.0298723206266746,0.0115860367478526,-0.0093821112810431,0.011734966683628,0.0001377094430658,-0.0671626521190651,-0.0001317783973533
FastCharge_000029_CH9_structure.json,EL150800465027,870,1.0909804,0.0163522884249687,1.097587,1.0060556541620729,1.0975028,1.005978475873627,1.0957625,1.0043833051446203,0.00010140736842107475,1.0961352000000002,0.0016702943153827953,1.0035859489318049,0.015394655521959011,-6.680711403601339e-05,0.8790131014610572,0.0019665977876304683,32.077628421783444,4.846373109243269e-05,1.097010124,0.001293343420219099,1.005978475873627,0.01587465517222876,1.9119382441258642e-05,0.8782457951550117,0.0014877244081464012,31.98110263824463,-2.7049552955247895e-06,1.0968669720000002,0.0010012840223513066,1.0043833051446203,0.016053162943571758,7.968558853018804e-06,0.8765818616076451,0.002168684152900249,31.9913978767395,-0.0063609132966339,0.0066241972077471,4.387998864712491e-05,-0.0373844727642334,0.0044146908614397,-0.0121547788613068,0.0129336194123692,0.000167278511104,-0.0745050422953754,0.0077090786007265
FastCharge_000006_CH27_structure.json,el150800737378,1315,1.0653081,0.0155686726793646,1.0689212,1.0033916009837904,1.0674373,1.001998670619326,1.0664585,1.0010798753900398,-0.00021289338345862886,1.06678425,0.0029721142024659464,0.9999665824375128,0.015618982724845368,2.2297792304728597e-05,0.88558382449927,0.0026542651252913613,34.76065559387207,9.340432172858358e-06,1.0671459140000001,0.0019281230042722665,1.001998670619326,0.015480316728353457,-4.8343891821273325e-06,0.8861333732196712,0.0017803280307982616,34.92813346862793,-4.626375037500305e-06,1.06703041,0.001388294317030779,1.0010798753900398,0.015444837575778317,-1.7159378467345906e-06,0.8854631250054461,0.0014872182865975675,35.07012516021729,-0.0020336075955422,0.0043827385460952,1.9208397163428877e-05,-0.0257462046814493,0.0189468511892649,-0.0038831370142559,0.0092009348386764,8.465720190557017e-05,-0.054475067342687,0.021998378958548
FastCharge_000055_CH20_structure.json,el150800460652,512,1.0786781,0.0176739729940891,1.0873606000000002,1.008049203928401,1.0889708,1.0095419569563895,1.0862604,1.007029251822207,0.0003202765413533974,1.08672179,0.0022958084922091847,1.0092516015667694,0.017491901852190444,-5.3147624309824886e-06,0.87860725873927,0.0008697416983559196,32.63828811645508,8.35063145258068e-05,1.088003844,0.0017993793022217203,1.0095419569563895,0.01744139209389682,-2.6491388124004996e-06,0.8771744512653796,0.0015503541958645946,32.62029960632324,-6.017809780920242e-07,1.087862946,0.0014047619355193105,1.007029251822207,0.017410740684717853,-1.4663010527160385e-06,0.874065336577157,0.003506552875453051,32.650210494995115,-0.0061784778200835,0.0084730948508547,7.179333635158072e-05,-0.0501182398430612,0.0002120678203754,-0.0119411942969019,0.0163115729105135,0.0002660674108149,-0.0958178231466222,0.0077424122312681
FastCharge_000002_CH34_structure.json,el150800737368,825,1.0451530999999998,0.0157714858651161,1.0499611999999998,1.0046003786430906,1.0508856000000002,1.0054848423642435,1.050084,1.0047178733909894,0.00021385676691729953,1.0492654249999998,0.0014622890486750894,1.0050118973000226,0.015597178693860722,-1.388543978669376e-05,0.8777610965472542,0.0007381751840121307,34.538848114013675,6.120438415365244e-05,1.0501599979999998,0.001191458539352532,1.0054848423642435,0.015558176487684204,-2.5604914824645037e-06,0.8777980377596408,0.000618318110120446,34.58576652526855,1.2505387938797668e-05,1.050388327,0.0008972715778241545,1.0047178733909894,0.01555621234700079,-1.9274381521126366e-07,0.8767743442895802,0.0013849168673458322,34.68692554473877,-0.0015937159041984,0.0042843882483615,1.8355982662698228e-05,-0.0242708757841492,0.0074649877560863,-0.0072297450278428,0.0104445920303578,0.0001090895026806,-0.0603191394172353,0.0094970448250846
FastCharge_000006_CH43_structure.json,el150800737350,1158,1.0602307,0.0154687101021409,1.0640321,1.003585446073199,1.0636199,1.003196662764057,1.0615493,1.0012436915852372,0.0001470670676691769,1.0634866500000002,0.0010553063647585927,1.0037020244744845,0.015325907804071856,-8.914154723174353e-06,0.881422073405308,0.000575658681419165,35.576572799682616,1.7268801920759568e-05,1.063751408,0.000719874326765453,1.003196662764057,0.015301086269319008,-1.5249612236938776e-06,0.8814946768302669,0.0004701114898028102,35.64257675170899,-1.873824302429169e-05,1.06321586,0.0008400160785365943,1.0012436915852372,0.015303976070135783,1.065500534371037e-07,0.8808095589683524,0.0009539171824116176,35.777517318725586,-0.0014138109313264,0.0038783379171518,1.5041504999617472e-05,-0.0226485541283221,0.0065585554021971,-0.0060590679588788,0.0097270619500163,9.461573417945582e-05,-0.0578088356043489,0.0075134055264642
FastCharge_000008_CH47_structure.json,EL150800460485,616,1.0817878,0.0175104197114706,1.0882163,1.0059424778131163,1.0871128,1.004922407148611,1.0847102,1.0027014540189858,0.00019312819548873816,1.087464295,0.0015819932624619368,1.005963554035274,0.017339105810970024,-7.411614900694171e-06,0.8723362630800768,0.0004157535258352082,32.38524627685547,1.0014684273710817e-05,1.087589752,0.0010390138109264836,1.004922407148611,0.017349673546850637,7.637527559984645e-07,0.8708205142958128,0.0015552564717503548,32.42503578186035,-2.9614444044396855e-05,1.086791529,0.0012287043923820734,1.0027014540189858,0.017414815649390177,2.781865951215604e-06,0.8676153925437515,0.003855835298887646,32.552135963439945,-0.0085775741506855,0.0105754441454416,0.0001118400188733,-0.0603128574160494,0.0077687015511491,-0.0171998967039072,0.018811881034797,0.0003538868680673,-0.1077366855057255,0.0005020090808534
FastCharge_000017_CH6_structure.json,el150800737377,1642,1.0657128,0.0164294764399528,1.069122,1.0031989856929557,1.0699253999999998,1.003952847333728,1.0689646000000002,1.0030512911170817,0.0001465654887218166,1.0688218949999997,0.000997346079590736,1.0037159167085166,0.016288696043193298,-9.458859388093232e-06,0.8804977640572101,0.0009281078298912764,32.70109958648682,4.0417858343333357e-05,1.0694512420000002,0.0008153620499115791,1.003952847333728,0.0162454684078693,-2.807901114547623e-06,0.8807929962139454,0.0006895813438990491,32.75390121459961,4.0186264626510825e-06,1.069482281,0.0006020101965407234,1.0030512911170817,0.016134806796908336,-4.92028626027946e-06,0.8812190032907432,0.001130884694182204,33.029546394348145,0.0010218623336918,0.0021960596728231,4.822678086600156e-06,-0.0143834856841573,0.015114087569612,0.003173215680126,0.0036333112987746,1.3200950993803407e-05,-0.0187046350721655,0.007855982408818
FastCharge_000012_CH5_structure.json,el150800739495,786,1.0491925,0.0185522940009832,1.0537622,1.0043554447825351,1.054782,1.0053274303809836,1.0541531000000002,1.0047280170226152,0.00020675902255643384,1.053188855,0.0013725247558696383,1.0049819265768676,0.018366589583456473,-1.4727517850417498e-05,0.8744121097926321,0.0007794918082054121,33.48283748626709,5.866927250898956e-05,1.0540924560000002,0.0011432423724057855,1.0053274303809836,0.018320713527500577,-3.444602420064711e-06,0.8743655301829074,0.0006370994810125005,33.53758453369141,1.252137233724635e-05,1.054322327,0.0008536440548442938,1.0047280170226152,0.01830944551154966,-9.522252757200247e-07,0.8732963477824258,0.0013698399084517004,33.63937465667725,-0.001277615840556,0.0045741914098816,2.092322705423491e-05,-0.0243209164072233,0.0254787089128112,-0.0059757263417898,0.0100790426599373,0.0001015871009408,-0.0579162639056547,0.0241613923609489
FastCharge_000048_CH43_structure.json,EL150800463229,966,1.0803633999999998,0.0168396458029747,1.0871686,1.0062989916170801,1.0874337,1.0065443720140836,1.0857353,1.0049723083917876,0.000228550601503769,1.086341795,0.001735050069443303,1.0065585339155327,0.01663805013522502,-8.327386489038056e-06,0.880982123696997,0.000539497049775647,33.38823947906494,4.656549819927092e-05,1.0870348939999999,0.001238220112324175,1.0065443720140836,0.016638937704265076,-1.2875193593727716e-08,0.8806042046481999,0.000577651806414771,33.402274703979494,-4.060217221715904e-06,1.086864312,0.0009745381627499492,1.0049723083917876,0.016680876947939353,1.7851104687686694e-06,0.879295901826121,0.001600431648577226,33.458822898864746,-0.0028054035247993,0.0044964600454134,2.021815293999935e-05,-0.0253082833840299,0.0087817424731406,-0.009163340032729,0.0107989684654326,0.0001166177199174,-0.0622936520992376,0.0072214443501703
FastCharge_000033_CH14_structure.json,el150800460635,495,1.0641999,0.0172288287431001,1.071297,1.0066689538309486,1.0725982,1.0078916564453728,1.070745,1.0061502542896312,0.0002618347368421129,1.0708271900000002,0.001880289263890039,1.0076937612942833,0.016915573552250814,-2.1648199710630537e-05,0.8772208524327642,0.0006964718821192879,32.03921680450439,7.148068667466907e-05,1.071922542,0.001493729389024676,1.0078916564453728,0.016865554153919174,-3.6734948996880435e-06,0.8760555437480353,0.0013501329372093472,32.030390930175784,3.514418241824393e-06,1.071896274,0.0011267680415791006,1.0061502542896312,0.01685708308592434,-7.154039553504887e-07,0.8730392801913622,0.0034183941200565515,32.050957889556884,-0.0060670377169356,0.0090485324586239,8.18759396547715e-05,-0.0495122651981678,0.0146790672277217,-0.0144261148204693,0.0171934564278242,0.0002956149439354,-0.0963877688743082,0.0089508590921041
FastCharge_000017_CH46_structure.json,el150800737364,1390,1.0489386,0.0149717079475522,1.0487504,0.9998205805373165,1.0498903,1.000907298101147,1.0483961,0.999482810528662,1.3027819549013386e-06,1.048398445,0.002394088020202073,1.0003321452752334,0.014677185378968668,-2.9669263701239935e-05,0.8856954142824026,0.003973777646442139,34.95259532928467,5.199304681872018e-05,1.049507832,0.0019583128509449107,1.000907298101147,0.014718211907893367,1.989818867941659e-07,0.8854038183395041,0.004353971733319374,34.89768600463867,-1.6914785478524072e-06,1.049437267,0.0018873136660902407,0.999482810528662,0.014718332765623877,5.803860616673513e-07,0.8853309821699905,0.004733149121766249,35.015667839050295,0.0028648258772608,0.0020268377315804,4.108071190157989e-06,-0.0046661006851316,0.0112502762209003,9.249261921424257e-05,0.003244391034186,1.0526073182706852e-05,-0.0185455080167828,0.0229092750405928
FastCharge_000009_CH7_structure.json,el150800460611,475,1.0640887,0.0177495274692773,1.0712485,1.0067285744130166,1.0713978000000002,1.0068688822651721,1.0676695,1.0033651330006605,0.0002552754887218176,1.07046136,0.0018479975309507249,1.0073662092267308,0.01737213423475618,-2.8989316993637204e-05,0.872945912573566,0.0007255542170873364,30.682865047454833,5.019877070827808e-05,1.071241184,0.001343149967108641,1.0068688822651721,0.017253454513847785,-7.773618183645465e-06,0.8717210476396589,0.0014709724949456447,30.30624889373779,-2.559296429642719e-05,1.0704822049999998,0.0014291450209390848,1.0033651330006605,0.01719128143042321,-3.0146620132670897e-06,0.8683191346586514,0.0038708754175369228,29.819641513824465,-0.0068907014212891,0.0097398705615149,9.486507855506587e-05,-0.0522987717125182,0.0209315502348013,-0.0167944736181716,0.018883118708542,0.0003565721721608,-0.1018005475633794,0.0070905447794267
FastCharge_000050_CH32_structure.json,el150800737285,1002,1.0551282,0.0159194562584161,1.0585029,1.0031983791163954,1.0585248,1.003219134888064,1.0569046,1.001683586885461,0.00015262624060154877,1.0582266750000002,0.001028502559488814,1.0037588797266532,0.01574225714430208,-1.0637691090427117e-05,0.8780674084963417,0.00048534142405630583,34.38201961517334,2.0424941176460053e-05,1.0585343600000001,0.0007119448554487995,1.003219134888064,0.015697030425071663,-2.663843915099132e-06,0.8778144001789776,0.00059769274425311,34.461384048461916,-1.3715797179715059e-05,1.0581246559999997,0.000730313546679795,1.001683586885461,0.0156880250293761,-4.0993120710186037e-07,0.876569275988545,0.0015389156920258273,34.60869709014892,-0.0020925820227519,0.005418311833912,2.9358103129511335e-05,-0.0327093101583577,0.0129355931575116,-0.0080875481834053,0.0119176026405796,0.0001420292526987,-0.0716436985608619,0.0101145909222819
FastCharge_000017_CH25_structure.json,el150800737345,1638,1.0605524,0.0154675859957933,1.0635999,1.002873502525665,1.0639572,1.0032104024280177,1.0625579,1.0018909956735755,0.00016193488721805884,1.06316301,0.001069071360059752,1.0034532004264947,0.015356482286006164,-7.864842681509456e-06,0.885163146316834,0.0004976632634616507,34.783834075927736,3.5085411764696565e-05,1.0637388019999998,0.0008311567282985793,1.0032104024280177,0.015325618442147925,-2.026316292789404e-06,0.8853273367044596,0.00038389209526105647,34.83169273376465,-7.647130513050325e-06,1.063479291,0.0007598760163467519,1.0018909956735755,0.015312616061419202,-5.252467076629012e-07,0.8850519577417092,0.0005992206673826222,34.94058197021484,0.0003847552031418,0.002444936286323,5.9777134441790505e-06,-0.0179775822748711,0.0093415557798128,-0.0029035930246599,0.0066519032283671,4.424781655956188e-05,-0.0405842311296864,0.0075478876293799
FastCharge_000048_CH44_structure.json,EL150800460647,1051,1.0760245000000002,0.0169325526803731,1.0827476,1.0062480919347097,1.0834146999999998,1.006868059230993,1.0821686,1.0057100000975812,0.00023027684210529266,1.08203287,0.0017468868260708571,1.0066312616487818,0.0167183499783277,-9.542608395554147e-06,0.8806498789726265,0.00041135687097888736,33.00260848999024,5.1722549819926035e-05,1.0827811820000002,0.001265807849191957,1.006868059230993,0.01671137530356641,-6.987845876207302e-07,0.8802302990273871,0.0005558472979252612,33.01649681091308,3.942168616868861e-06,1.082818164,0.0009459959142110417,1.0057100000975812,0.016746767144650173,1.4159619973616267e-06,0.8788981957189422,0.0016283574815530565,33.072617034912106,-0.0021632166716705,0.0045033423052886,2.028009191860279e-05,-0.024703865229577,0.0369192317832665,-0.0088183554091502,0.0107241141356028,0.0001150066239934,-0.0628485262518236,0.0007255159164674
FastCharge_000017_CH1_structure.json,el150800737277,1078,1.0608749,0.0155382761731743,1.0643069,1.0032350656990754,1.0649273,1.003819866036985,1.0623909,1.0014290092074005,0.0001433321052631955,1.0638023650000001,0.0010360535499070837,1.0036771536398874,0.015409147506579703,-1.056592533350911e-05,0.8819063383136034,0.0007223919978196452,32.42599220275879,3.9347961584630445e-05,1.064427378,0.0008482773318414325,1.003819866036985,0.015377442501485292,-2.1246724090085723e-06,0.8819805693305299,0.0006294193460255061,32.46800750732422,-7.091407140683198e-07,1.0643435529999998,0.0006952860734194341,1.0014290092074005,0.015374726727604817,-1.917129280219019e-07,0.8812136639333804,0.0010786040788032143,32.53414939880371,-0.0001840355641656,0.0029723089849099,8.834620701776554e-06,-0.0160287099627201,0.0248518946774769,-0.0057887183806738,0.0087641038599443,7.6809516467891e-05,-0.0517296565879532,0.0234234040185712
FastCharge_000017_CH41_structure.json,el150800737297,2237,1.07156,0.0155980037525296,1.0746125,1.0028486505655305,1.074445,1.0026923364067342,1.0733908,1.0017085370861174,0.00011060834586469379,1.074261465,0.0009153862186394157,1.0032223113964687,0.015456783259287421,-8.78624071864306e-06,0.8872864275552412,0.0007792781868026798,35.141466331481936,1.6909498199274427e-05,1.0745520659999999,0.000658431953237375,1.0026923364067342,0.015411461591720526,-2.8584086272469276e-06,0.8877754901804835,0.0006804459499706435,35.25941673278808,-8.772772277226564e-06,1.074301613,0.0006319361459285258,1.0017085370861174,0.015374332256615114,-1.4931877905670269e-06,0.8878347231025971,0.0006665843236373733,35.433281593322754,0.0015014695871362,0.0019948081444466,3.979259533150658e-06,-0.0117189413463023,0.0107781280316769,-0.0004568690943187,0.0054223671324475,2.9402065319047955e-05,-0.0347205546784219,0.0124224539038788
FastCharge_000009_CH8_structure.json,el150800460596,482,1.0733846000000002,0.0180690288543701,1.0814238,1.0074895801560781,1.0816609,1.0077104702266082,1.0773104,1.0036574029476477,0.0002921800000000099,1.0806790400000001,0.0021505295792896588,1.0083215279965818,0.017746603395789807,-2.6771884159485103e-05,0.8734058098038471,0.0007927556620655065,31.573024940490722,5.451002641055425e-05,1.081524326,0.001548379556544158,1.0077104702266082,0.017639558725058978,-7.6545765097973e-06,0.8721523180773425,0.0015574404807520929,31.617355613708497,-3.1576053405339874e-05,1.080601135,0.0016854912326306768,1.0036574029476477,0.017575204130262086,-3.123309640976486e-06,0.8686816250930481,0.0039746695767133924,31.65951810836792,-0.0080494693039254,0.0105388341653426,0.0001110670255645,-0.0577839463045402,0.0078741131868182,-0.0176825358424785,0.01880770090583,0.0003537296133631,-0.1050254811369595,0.0069494624104522
FastCharge_000015_CH22_structure.json,el150800737319,816,1.0642039,0.0152584221214056,1.0689164,1.0044281927551664,1.0693101,1.0047981406570676,1.067306,1.002914948911576,0.0002213224812030353,1.068346045,0.0014518822818930354,1.0050646309414952,0.015197208896279285,-2.460918368254999e-06,0.8785403906255274,0.0007085136582531887,33.896949005126956,4.2877426170463376e-05,1.06899612,0.0010644806406881928,1.0047981406570676,0.015151026975363446,-2.368984773021416e-06,0.878658998405498,0.0006652874096718225,34.025358047485355,-9.144208220827047e-06,1.0686685349999998,0.0009147329433637766,1.002914948911576,0.015129861347377252,-9.506432176924414e-07,0.8774714156377895,0.0014860744202256464,34.114546127319336,-0.0010916138967649,0.0045709502954047,2.089358660306047e-05,-0.0243961655800428,0.0408314831411442,-0.0076582574789501,0.0114880975222047,0.0001319763846796,-0.0668252216846863,0.0252467779446114
FastCharge_000042_CH36_structure.json,el150800460628,475,1.0651143,0.0175597555935382,1.0727148000000002,1.0071358538703312,1.0740943,1.00843102003231,1.0718495,1.0063234527975071,0.0002980606766917514,1.071982565,0.0021225964431033583,1.008261272992016,0.017202177178114605,-2.684500348522995e-05,0.8724858816503426,0.0007199734878103535,33.562096977233885,8.459232653061661e-05,1.073266824,0.0017207223484990266,1.00843102003231,0.01711553853005165,-5.734954006961286e-06,0.8713676425052865,0.0013307045263771277,33.56767539978027,4.614975097505671e-06,1.07325863,0.0013079512952323584,1.0063234527975071,0.017109660990536162,-9.114517442749091e-07,0.8684217029575565,0.003340890283332532,33.6304224395752,-0.0067589197990384,0.0090910115874106,8.264649168243531e-05,-0.0493546534613122,0.0062132974053263,-0.0156807041167217,0.0178711560039737,0.0003193782169183,-0.0965566848510257,0.0242196652214166
FastCharge_000035_CH12_structure.json,el150800460673,349,1.0638535,0.017053859308362,1.0685728,1.004436043120599,1.0631078,0.9992990576240056,1.046734,0.9839080286900406,8.053052631579261e-05,1.0680667400000001,0.0010599910548679439,1.0037755198436629,0.016506248805671874,-3.5140681591697605e-05,0.8719315116686562,0.0006824379468300438,33.33417911529541,-0.00010120147899160581,1.0665993719999998,0.001781149900377863,0.9992990576240056,0.016231214217841575,-1.6320638743196894e-05,0.869388948831158,0.0026984403408910015,33.750358963012694,-0.0002223605064506443,1.060953746,0.0066639247580299165,0.9839080286900406,0.016199178602546407,-2.114085311239337e-06,0.863374988777909,0.006881643759419548,33.65388736724854,-0.0128841146761869,0.014586589770456,0.0002127686011315,-0.0827169060956016,0.0211866261354525,-0.0314005963625955,0.0264644274722292,0.0007003659214328,-0.1480286987713182,0.0232468117956186
FastCharge_000002_CH2_structure.json,el150800737315,813,1.063777,0.0154414689168334,1.0675322,1.003530063161734,1.0677623,1.0037463678947751,1.0664401,1.0025034382206044,0.00016140879699250266,1.067092115,0.0010891304243638798,1.0039232846733857,0.01528189056552941,-9.837505036503483e-06,0.8803819353563347,0.0006159448854321512,32.96762809753418,3.237771428569985e-05,1.067595614,0.0008064011815492425,1.0037463678947751,0.015254306960850903,-1.7659666211233632e-06,0.8802876615223632,0.0005169843739994492,33.012113876342774,-4.759657365730774e-06,1.067413169,0.0006597469506856465,1.0025034382206044,0.015265103736892298,3.345284030904008e-07,0.8791861279853258,0.001406560096816292,33.10117168426514,-0.0023832815381786,0.0046911789007288,2.200715947864318e-05,-0.0249210638420493,0.0182265232991563,-0.0087448382348606,0.0113679972796572,0.0001292313621502,-0.064775562167314,0.0086746720106152
FastCharge_000008_CH48_structure.json,EL150800460656,599,1.0810224,0.0167422164231538,1.0875177,1.0060084786402206,1.0875126,1.0060037608841408,1.0858277,1.0044451437824047,0.00021708699248122336,1.086815145,0.0016591982571335713,1.0062871037639922,0.01658786293119189,-6.7698692244695725e-06,0.8728475841782949,0.0003852062069728917,32.788398361206056,3.7545286914762355e-05,1.087365784,0.001145499552747198,1.0060037608841408,0.016609305739402724,1.4569257058440077e-06,0.8712135831672866,0.0016506145599306233,32.838607177734374,-8.890516651660696e-06,1.08709808,0.000976084843340988,1.0044451437824047,0.016674931216984944,2.8836935816709356e-06,0.8679715749473079,0.003924624633143526,32.99856475830078,-0.0084732990319882,0.0108163613402689,0.0001169936726432,-0.0611555789217175,0.0394766227566965,-0.0172568706262272,0.018885137216113,0.0003566484076714,-0.1074276441237427,0.0054028252999076
FastCharge_000017_CH9_structure.json,el150800739484,1801,1.0688018,0.0157781094312667,1.0713308,1.002366201104826,1.0721447,1.003127708055881,1.0711251,1.0021737425966162,0.00011566962406016755,1.07103114,0.0007649230022688573,1.0026660696117842,0.01565597271546716,-7.856323530796862e-06,0.883814126425101,0.0007994827615755856,32.587944984436035,3.023727250900288e-05,1.0714477119999999,0.0006775834433160212,1.003127708055881,0.015624928250908799,-2.005243716405813e-06,0.8839905681128574,0.0006654502399989084,32.64377998352051,1.4605010501077015e-06,1.071439217,0.0005265491866967364,1.0021737425966162,0.015620286641642403,-2.0775569006548945e-07,0.8834566934935387,0.0009299257306892431,32.72485523223877,0.0003070695606061,0.0022513491654544,5.068573064792592e-06,-0.0147509216057644,0.0024232542138387,-0.0048147672374869,0.0075249937299098,5.6625530635183215e-05,-0.0452235753480629,0.0054286645234031
FastCharge_000012_CH23_structure.json,el150800737387,858,1.0716274,0.0157098155468702,1.0763183,1.0043773610118594,1.0777076,1.0056738004272756,1.0763919,1.0044460415999068,0.0002321826315789426,1.0758836850000002,0.0015259387724529112,1.0051836113932886,0.015580754913389644,-8.19275365736297e-06,0.8801653331877148,0.0005700830818699598,32.99192562103271,6.318856662663935e-05,1.0768613059999999,0.001255112082231736,1.0056738004272756,0.015555007141083434,-1.7558752435025799e-06,0.8799529931591918,0.0005754989980490563,33.05241874694824,7.699434743474112e-06,1.076961922,0.000933406651527645,1.0044460415999068,0.01555350095964964,-8.697204343230362e-08,0.8784557307052719,0.001799024655805774,33.118963432312015,-0.0013905042957117,0.004374206809618,1.913368521330849e-05,-0.0250079460860175,0.010654306357229,-0.0092884824353555,0.0119879710328384,0.0001437114494841,-0.0709932068603542,0.0024201903980172
FastCharge_000059_CH33_structure.json,el150800460631,530,1.0712117,0.0176647026091814,1.0787864,1.0070711512953041,1.0806761,1.0088352283680246,1.0795146,1.007750942227386,0.00029174082706766866,1.077850265,0.002100610682224299,1.0081048405277873,0.017510853335261298,-1.2524260726191387e-05,0.8760239274557844,0.0008683878569466765,33.05436553955078,8.781567346937398e-05,1.079180904,0.0017878072338996494,1.0088352283680246,0.017495536729693367,-1.385398343259151e-06,0.8752204992189074,0.0014176268930577512,33.158940353393554,2.2327371137116375e-05,1.0795892379999998,0.0014023648852406283,1.007750942227386,0.017538815289735755,1.374984128211449e-06,0.8723786600521153,0.003322858575559667,33.24737888336182,-0.0054878228657586,0.0069581330942245,4.8415616156942386e-05,-0.0412792278661471,0.0072416392587002,-0.017258492601031,0.0161626904340795,0.0002612325620678,-0.0968875522781815,-0.0019085908736955
FastCharge_000015_CH20_structure.json,el150800737276,817,1.0673251,0.0156253911554813,1.0706047,1.0030727282624574,1.0702466999999998,1.0027373103096702,1.0682998,1.0009132175379367,0.00014504368421056323,1.0699410649999999,0.000984336866766218,1.0031323164797679,0.01553943660110232,-5.951411742015942e-06,0.8791096108120333,0.0005005471125547512,34.04271907806397,2.0626424969981574e-05,1.070247606,0.000680409502111836,1.0027373103096702,0.015525612961500837,-1.067918683944627e-06,0.878755541329216,0.0005995154019829014,34.10666488647461,-1.567027662766513e-05,1.069802646,0.0007697309573377228,1.0009132175379367,0.015525721060112074,-1.4658223758213557e-08,0.8772441765185044,0.0018158328476452846,34.20244052886963,-0.0034540506872767,0.0055686287860239,3.100962655653452e-05,-0.0325426472668732,0.0134795570690453,-0.0109805724600791,0.0130712860087183,0.0001708585179217,-0.076680061028493,0.0111150341338666
FastCharge_000057_CH36_structure.json,EL150800460481,876,1.0917602,0.0170147102326154,1.0981392,1.0058428581661065,1.0973708999999998,1.0051391322013752,1.0953494,1.0032875351198918,0.0001997910526315888,1.097418335,0.001599104915968634,1.0059361020854214,0.016847437247633885,-7.666944337070778e-06,0.8787646712717823,0.000402349958595948,30.329939937591554,1.733889555821483e-05,1.097632314,0.0010682973580440978,1.0051391322013752,0.016838779039680913,-4.803444765340947e-07,0.8780757965017609,0.0008458481653478028,30.334475593566893,-2.226944314430799e-05,1.0970153230000002,0.0011064480322957007,1.0032875351198918,0.016867057606577827,1.24899733631671e-06,0.8763098411282031,0.002195812894992104,30.37475679397583,-0.0053788237047456,0.0073498348284936,5.40200720061389e-05,-0.0428065723995532,0.023597682019909,-0.0118886415459077,0.0143131972983298,0.0002048676169009,-0.0842235567045164,0.0106361321248233
FastCharge_000015_CH44_structure.json,el150800739477,1093,1.0626153,0.0155032072216272,1.0652138,1.0024453816917562,1.0647953,1.002051542077363,1.0632331,1.0005813957318326,0.00010655729323309882,1.0648068499999999,0.0007392625727710232,1.0025616984810966,0.015402297675609536,-7.208117416927285e-06,0.882472596786586,0.0006376869107742746,35.310087013244626,1.0420340936367344e-05,1.064986948,0.0005184719877640621,1.002051542077363,0.015376516766846128,-1.5732425064886792e-06,0.8826125850997127,0.0005068590126130234,35.39412834167481,-1.783158055805166e-05,1.064480499,0.0007073269892341147,1.0005813957318326,0.015375660378485872,-6.512921787469083e-08,0.8818618544919752,0.0010409133705389867,35.530708122253415,-0.0014109616984937,0.0042548067148426,1.8103380180670022e-05,-0.0241176890217542,0.0078744116728346,-0.0065340547112598,0.010454102616205,0.0001092882615101,-0.0617477913804167,0.0141930639130425
FastCharge_000012_CH29_structure.json,el150800737275,1155,1.0706265,0.0156047260388731,1.0738823,1.0030410231766167,1.0730777,1.002289500586806,1.0708553,1.000213706647463,9.759406015040636e-05,1.073436995,0.0008084309423042943,1.002959855748013,0.015477491635829146,-6.648760877156834e-06,0.8829051524791327,0.0003992086878135701,34.89716148376465,-1.2058871548664948e-06,1.0734383440000002,0.0005662514293703773,1.002289500586806,0.015461820717900941,-1.034057092050459e-06,0.882768713094639,0.0004807022876282177,34.9712931060791,-2.756528232823607e-05,1.0726998829999999,0.0009463626822793652,1.000213706647463,0.015464905519038391,1.2386500826490435e-07,0.881826111854429,0.001199329798299607,35.09692268371582,-0.001719667310218,0.0047290230284584,2.2363658803689976e-05,-0.0272058905508032,0.021124337616575,-0.0072450551290306,0.0112307592494742,0.0001261299533196,-0.0666481893644395,0.0078495757380872
FastCharge_000011_CH26_structure.json,el150800460604,509,1.0699197,0.0171432383358478,1.0762185,1.0058871707848729,1.0790801,1.0085617640277116,1.0787998,1.0082997817499761,0.00028733496240603126,1.075703805,0.0018707964364074762,1.007210167267693,0.016989120654761748,-1.0997239024118755e-05,0.8790344362843061,0.0007585287468120962,33.321275520324704,0.00010778904201679539,1.07736678,0.0018330998672194381,1.0085617640277116,0.016971462629735427,-8.072244341060536e-07,0.878177370451869,0.001159060203378183,33.39517364501953,3.6764414641461244e-05,1.0781638409999998,0.001527744160263417,1.0082997817499761,0.01703344251960512,1.9859503133140965e-06,0.875515835771811,0.0030679630195811617,33.48641571044922,-0.005674599907742,0.0075791283890145,5.744318713716632e-05,-0.0418509783693332,0.0023718306127702,-0.0130031127068933,0.0151528903470688,0.0002296100858702,-0.0877645779611109,0.0037225071833582
FastCharge_000046_CH32_structure.json,EL150800460477,1014,1.0765325,0.0170122776180505,1.0826545,1.005686776757785,1.0832305,1.006221827952245,1.0816909,1.0047916806970527,0.00020744240601508704,1.0820306899999999,0.0015755291456841113,1.0060327022175364,0.01681991377845402,-9.774003542006657e-06,0.8793780418987373,0.0004373866159868026,31.870945167541503,3.779731092436589e-05,1.0825370120000002,0.00109372900073832,1.006221827952245,0.01680264540016646,-1.147478496899376e-06,0.8788938694255691,0.0006245981050380611,31.898188247680665,-3.222532253221406e-06,1.082401772,0.0008666232447932732,1.0047916806970527,0.016825885307043747,1.2363611136226374e-06,0.8775403952550812,0.0018680483247999762,31.989678192138673,0.0007212985724132,0.0033469554418352,1.1202110729630455e-05,-0.0177210583837732,0.029628253872298,-0.0089399755125198,0.011097149939834,0.0001231467367871,-0.0652682973985734,0.0180066293797662
FastCharge_000049_CH37_structure.json,el150800460528,545,1.0753652,0.0203734338283538,1.0833874,1.007459977317473,1.0858954,1.0097922082656199,1.0852383,1.0091811600375389,0.0003715081203007596,1.0827998099999998,0.0024195040954501207,1.0090707789316598,0.0201252274215221,-8.533589709967757e-06,0.8723974059225462,0.0007511345830491966,33.34495830535889,0.0001113713949579813,1.0845071499999999,0.0020797871553839193,1.0097922082656199,0.020127391703426797,3.188686604115559e-07,0.8713556688048928,0.001242092655125194,33.3447029876709,2.9166982898296924e-05,1.0850738130000002,0.0015846594038249947,1.0091811600375389,0.02019000280648466,2.1196579453898016e-06,0.8685345569435993,0.003209263074415612,33.41015697479248,-0.0060880415973367,0.0081180492962589,6.590272437649032e-05,-0.0437477587748023,0.045801344645501,-0.0144583179023964,0.0163029353589656,0.0002657857013186,-0.0913060848769546,0.0128764905638676
FastCharge_000012_CH21_structure.json,el150800737314,932,1.0731678,0.0161819532513618,1.0765386,1.0031409813078624,1.0766423,1.0032376111172923,1.0755343000000002,1.0022051537513519,0.00014328285714287962,1.07604028,0.0009878218293801733,1.0034489480582625,0.016060958150774195,-7.299993439275634e-06,0.8785599277655753,0.000508644252047115,33.07408142089844,2.853263385352082e-05,1.076486378,0.0007285085584370238,1.0032376111172923,0.016040786840021557,-1.3541938269702832e-06,0.8781955794166256,0.0006409846411865003,33.14252540588379,-4.599332733274451e-06,1.076303704,0.0005904489086991268,1.0022051537513519,0.016049176529049823,2.9435082308859637e-07,0.8766007505520266,0.001910473060420461,33.21941482543945,-0.0024940528505091,0.0055465904558231,3.076466568462802e-05,-0.0330214609054833,0.0067255550052927,-0.0094442108382357,0.0127462765549981,0.0001624675660164,-0.0750203244141003,0.0052870011787407
FastCharge_000012_CH45_structure.json,el150800737365,923,1.0573761000000002,0.0152831375598907,1.0600277,1.0025077169797953,1.0596538,1.0021541058096546,1.0577667,1.000369404982768,0.00015508022556391765,1.0596211750000002,0.0009846066741978922,1.00303600582612,0.015166535740718199,-9.098134346698363e-06,0.8817050575475474,0.0007258379863443405,35.69332580566406,1.7152614645852808e-05,1.059916232,0.000704702062843598,1.0021541058096546,0.015136056151241018,-1.8596154998760635e-06,0.8818381930005025,0.0005717726174942459,35.75748657226563,-2.0138804680468447e-05,1.0593433760000002,0.0008684916512114763,1.000369404982768,0.015135918967425777,-8.864265115198055e-08,0.8810062112792668,0.0011271510354306743,35.87707904815674,-0.001496863237123,0.0039569704354671,1.5657615027160706e-05,-0.0219905386762762,0.0110047949707459,-0.006779134397098,0.0102176346741366,0.0001044000583341,-0.0597049996782521,0.010832113200355
FastCharge_000015_CH28_structure.json,el150800737274,1146,1.0674671999999998,0.0151337785646319,1.0700043,1.0023767475010006,1.0691701999999998,1.0015953651784335,1.0670015,0.9995637336678823,0.00010112127819550396,1.069594235,0.0007402512487494141,1.0023342169202016,0.015026114787906358,-6.168933683320464e-06,0.8846669452777356,0.0005019836250628172,35.08696689605713,6.933109243585086e-07,1.0696018680000001,0.0005091714467407094,1.0015953651784335,0.015013435855507809,-8.411397810885746e-07,0.8846642452808837,0.00042479148700011655,35.147635040283205,-2.7572690069004675e-05,1.068854892,0.0009474508895642115,0.9995637336678823,0.015016709072515327,1.1682408106522865e-07,0.8839264422724896,0.0009979200892161508,35.289549102783205,-0.0013871065283977,0.0044624893557855,1.9913811250498968e-05,-0.0245151891647097,0.0231920698594185,-0.0067601910466073,0.0107157749688467,0.0001148278331829,-0.0633182307358199,0.0209115306611238
FastCharge_000052_CH41_structure.json,el150800460526,512,1.0735563,0.0175047516822814,1.0816238,1.0075147432882654,1.0826643,1.0084839518896216,1.0798434,1.0058563300313175,0.0003052590225564162,1.080766525,0.0021915667687467566,1.0083803709223262,0.017309128958731837,-1.562171496618906e-05,0.8760266780595505,0.0009512332440808262,33.11934337615967,7.205980792316795e-05,1.081850062,0.0016666748958198262,1.0084839518896216,0.017236076593399,-4.656627541687301e-06,0.8747539266189982,0.001691388903261708,33.231706619262695,-1.4766857485742543e-05,1.08117524,0.0018332236327300694,1.0058563300313175,0.017199705019593198,-1.8934367692330158e-06,0.8714572470073911,0.0038129616471329164,33.3413659286499,-0.0070227870534741,0.0094097493060145,8.854338200204119e-05,-0.0537772787313124,0.0114905031654823,-0.0147518617133577,0.0169393637535309,0.0002869420443744,-0.0965844416025802,0.0166822823178982
FastCharge_000019_CH30_structure.json,EL150800460436,757,1.0895553,0.0166745334863662,1.0961914,1.006090650011064,1.0958972,1.0058206315916227,1.0937656999999998,1.0038643288688511,0.00022221375939848856,1.095495485,0.0017097677231936973,1.0063699382674747,0.01648161746561522,-7.796878541323381e-06,0.8766336020492735,0.0004375089764032522,33.51074447631836,3.148948379351681e-05,1.0959292180000002,0.00114372878283095,1.0058206315916227,0.01646497823297973,-9.874495066084935e-07,0.8755413138378154,0.0011615350004259394,33.53963020324707,-1.7637737173711448e-05,1.095432283,0.0011073959617097302,1.0038643288688511,0.016485683247446963,1.0046326216368431e-06,0.8732861626238295,0.002839134118523652,33.67044803619385,-0.0062612115353623,0.0090102391486178,8.118440951528578e-05,-0.0515870973309207,0.0060340849832436,-0.0128501963383201,0.0160188975297591,0.0002566050780689,-0.0932177719422209,0.0116740284466625
FastCharge_000001_CH38_structure.json,el150800737234,541,1.0512739,0.0131726339459419,1.0524576,1.0011259672669512,1.0450525,0.9940820370409652,1.0340093,0.9835774482748977,-6.432578947366448e-05,1.051979615,0.0005907499532585835,0.9996479509288683,0.013225158862769565,6.633034830254805e-06,0.8794743842325834,0.00042099777324514667,35.41651725769043,-0.00016312166146458714,1.0495275479999997,0.0024083529536377984,0.9940820370409652,0.013319622687995391,6.119771396555381e-06,0.8787561321009144,0.0010036402333693786,35.51598335266113,-0.000196151258925891,1.044589539,0.005689924949485632,0.9835774482748977,0.013418402476236184,4.132995675347229e-06,0.8765064697981856,0.0026549528538547663,35.69503566741943,-0.0067368411900125,0.0102494854947138,0.0001050519529063,-0.0601910829117526,0.0101534715045912,-0.0179962015903811,0.0204380576444286,0.0004177142002769,-0.1171533762258767,0.0064501238199259
FastCharge_000007_CH39_structure.json,el150800737320,858,1.0652004,0.0149924447759985,1.0698458999999998,1.0043611511974646,1.0710148000000002,1.00545850339523,1.0696348999999998,1.004163066405157,0.00023740135338348763,1.0693508,0.001525888840643386,1.005338056576021,0.014898074418306295,-6.47626032954664e-06,0.8799099911701316,0.0005778201351194791,31.17159757614136,6.587940456182126e-05,1.070360084,0.0012735222121910562,1.00545850339523,0.014854768458753777,-2.6978788023087867e-06,0.8797923726864706,0.0005487846090923185,31.222007827758787,7.104940294031174e-06,1.0704472710000001,0.0009575437723984295,1.004163066405157,0.014825809914618687,-1.198635077533659e-06,0.8785483890863333,0.0015639693090855715,31.262770080566405,-0.0006017837768836,0.00415333138293,1.7250161576431873e-05,-0.0225912073413216,0.0070598698272332,-0.0079237633972343,0.0118339334740432,0.000140041981468,-0.0679625380789445,0.0077318659762686
FastCharge_000007_CH24_structure.json,el150800737386,876,1.0677625,0.0154434666037559,1.0709045,1.002942601936292,1.0710367,1.00306641224055,1.0693594,1.0014955572985567,0.00014492992481207744,1.07039882,0.0009972983954664846,1.0030952576064434,0.015339215006679249,-6.957633658908876e-06,0.8779151931410301,0.0005522802654451083,33.32377815246582,2.68936278511401e-05,1.070805288,0.0007184174729612482,1.00306641224055,0.015314794108271555,-1.6192834274250958e-06,0.8777325623728012,0.0005615071345911173,33.41013771057129,-9.567125112510338e-06,1.07051888,0.0006952961419424244,1.0014955572985567,0.015307385735213709,-3.1324850656310603e-07,0.8763310424660026,0.001726444314136589,33.508904914855954,-0.0014886172926472,0.0046580570363011,2.169749535343472e-05,-0.0266391047892127,0.017353852507334,-0.0089189631698405,0.0119918075363749,0.0001438034479894,-0.0696128575141927,0.025516034033961
FastCharge_000058_CH45_structure.json,EL150800460618,702,1.0771072,0.0168233215808868,1.0837516,1.0061687453208001,1.0841715,1.0065585858120716,1.0832821,1.0057328555597809,0.00022983864661657287,1.08299357,0.001719340205456727,1.006524513066109,0.016644070297479583,-8.527161483478666e-06,0.877568251678204,0.00040124174589162666,33.4378547668457,4.9937512605040995e-05,1.0837158980000001,0.0012382164026518215,1.0065585858120716,0.016657339334487865,7.964388019037858e-07,0.8765456099225247,0.001064391438947883,33.47956451416016,6.079719171921519e-06,1.0838213640000003,0.0009253098197382366,1.0057328555597809,0.016716699823737097,2.505782462976306e-06,0.8741378498071587,0.0028550503553182796,33.58403907775879,-0.0065411903223039,0.0078532500747552,6.167353673664389e-05,-0.046204946198975,0.0049210472957827,-0.0137387990554647,0.0155381356636668,0.0002414336599025,-0.0893731395346817,0.0058396608691917
FastCharge_000006_CH48_structure.json,el150800737361,1156,1.0464231,0.0157403741031885,1.0504171999999998,1.0038169073293584,1.0510941,1.004463777605827,1.0495038,1.0029440290452305,0.00021944421052634566,1.04992612,0.0013660064837327656,1.0046624544125602,0.015598857076838562,-1.084168084470161e-05,0.8774155208047263,0.0006601139013615097,33.7462776184082,5.0127270108042496e-05,1.0507378399999998,0.0010944132738595555,1.004463777605827,0.015564802978187752,-2.0117385565591458e-06,0.8776982262167994,0.0005741890925543618,33.792403564453124,-3.9164386438591675e-06,1.050541451,0.0008744197023735163,1.0029440290452305,0.015564932217821435,-5.929228706379765e-08,0.8772285890180009,0.0008201115396196324,33.88624088287354,-0.000182060169629,0.0029673150344954,8.80495851394298e-06,-0.0163216511110628,0.0122869837572072,-0.003530203681257,0.0077550562597309,6.014089759159179e-05,-0.0449512693437244,0.019752469560335
FastCharge_000001_CH30_structure.json,el150800737366,772,1.0678786,0.0139379687607288,1.0686178,1.0006922135156562,1.0623268,0.9948010944315205,1.0538316,0.9868458830432598,-3.267255639095954e-05,1.0681135449999999,0.00039896245747563544,0.9994654823123152,0.013979409029707271,4.572660095036973e-06,0.8803405972420897,0.0004045467738890495,34.59962615966797,-0.00013605213445378115,1.0660407899999997,0.002025281688876898,0.9948010944315205,0.014044854510575484,4.0422680050952905e-06,0.8798896285347948,0.0006707808895082851,34.70765739440918,-0.00015825951875187065,1.0620371939999997,0.004589449512606484,0.9868458830432598,0.01409146373160179,2.062779250774051e-06,0.8784085047039538,0.0017958968490623599,34.897635498046874,-0.0045064591975353,0.0082678856208951,6.83579326402054e-05,-0.0493671985404726,0.0085755743575259,-0.0129297777197189,0.0167175099019123,0.0002794751373205,-0.0977785633839638,0.0098937563598999
FastCharge_000002_CH7_structure.json,el150800737367,1046,1.0691668,0.016045743599534,1.0726073,1.0032179263329164,1.0731298,1.0037066246351831,1.0724185,1.0030413402286713,0.00016071390977446544,1.072244225,0.0010711593055540516,1.0037027898733855,0.015876292064785906,2.5218982893731743e-06,0.877734293219207,0.0006589017155668006,33.58580131530762,3.578545978390222e-05,1.072778944,0.000811594578385054,1.0037066246351831,0.015901859812438433,5.506293005159716e-07,0.8772021324738674,0.0009325744817524455,33.566885452270505,5.1591785178590155e-06,1.072847251,0.0005949749899777385,1.0030413402286713,0.015830673845484807,-3.0729526856745976e-06,0.8769831480281713,0.001030314057367591,33.89191967010498,-0.0025978934960138,0.0051959061607871,2.699744083170607e-05,-0.0316565529479833,0.0115437261294575,0.0007504595313784,0.0059693172163398,3.563274802929147e-05,-0.0374688240887328,0.0122970730544884
FastCharge_000031_CH9_structure.json,el150800460518,312,1.0680572,0.0175421014428138,1.0733572,1.004962281046371,1.0632498,0.9954989302071088,1.0384520000000002,0.9722812598426378,7.600706766920805e-05,1.0722338399999998,0.0012283199902305675,1.0038355623650121,0.017054058145731632,-4.9684128086817676e-05,0.8678952451952551,0.0018318472403842454,29.790325355529784,-0.000173524965186096,1.0697545800000001,0.002906735270298964,0.9954989302071088,0.016839377172291226,-1.4155236881177228e-05,0.8647818475558152,0.0038209708063881836,29.923278083801268,-0.00034853668286828057,1.06082046,0.010598596381530902,0.9722812598426378,0.016923492290079546,1.9821690486568925e-06,0.8575509647658545,0.008758147152629268,30.051861839294432,-0.0182906892708913,0.0224757317760878,0.0005051585188706,-0.11237758479399,0.0132474482039199,-0.0389182201094936,0.0310498356713256,0.0009640922952163,-0.1704312527702227,-0.0008019695127887
FastCharge_000028_CH19_structure.json,EL150800464898,878,1.0874287,0.0167538970708847,1.0941397,1.006171439102168,1.0951722,1.0071209266409833,1.0941359,1.0061679446201852,0.0002828322556390979,1.093442235,0.0019204160414542937,1.0070091032175261,0.016698842588812057,-6.268516575034314e-06,0.880391961272338,0.00041396296252034823,32.05373477935791,7.031316206482189e-05,1.094537692,0.0015103342049811327,1.0071209266409833,0.01667820438742633,-9.290552010481169e-07,0.8797059066995745,0.0006959133263980438,32.050910453796384,9.630308430847081e-06,1.094698505,0.0011315465889988737,1.0061679446201852,0.01671212757006283,1.3175813166579323e-06,0.8781916322809183,0.0018287351457733016,32.07760427474975,-0.0045610015708903,0.0059957402431398,3.594890106320719e-05,-0.0328652804826239,0.0077333776415113,-0.0092257768275689,0.0117104851446398,0.0001371354623228,-0.0664892174873137,0.0340276062630886
FastCharge_000010_CH44_structure.json,el150800460498,474,1.0691837,0.0182791948318481,1.0782987,1.0085251954364811,1.0803803,1.010472101286243,1.0790776000000002,1.0092536951320903,0.00036091804511280537,1.07768994,0.0025130693457205,1.0099224296068114,0.018073058500885912,-5.856492465600695e-06,0.8732296314490349,0.0007644452780522561,32.90063743591308,9.994742376950085e-05,1.079199278,0.0020197657265425676,1.010472101286243,0.01806703884154553,1.0814388044424405e-07,0.8715908943084171,0.0017657722823551335,32.9351481628418,1.8336018601858872e-05,1.079510019,0.0014931574061494688,1.0092536951320903,0.018128383476287077,1.947445397598032e-06,0.8677771794924225,0.004336425049178199,33.00975074768066,-0.0078690685557678,0.0095663817192476,9.151565919835583e-05,-0.0554922305372085,0.0076852418961581,-0.017570952621636,0.0191153863414092,0.0003653979949813,-0.1060650684626431,0.0039350418774497
FastCharge_000029_CH10_structure.json,EL150800463886,636,1.0729731000000002,0.017006205394864,1.0811012,1.007575306407961,1.0817347,1.0081657219551914,1.0792426000000002,1.0058431101394807,0.0002522288721804718,1.0795344300000003,0.002159355789373274,1.0079231250065819,0.015934845618903595,-8.181985327623626e-05,0.8752409707128834,0.001564411686745005,32.401373100280765,8.342907563023907e-05,1.08096285,0.001797839573070958,1.0081657219551914,0.016371885277330828,1.5837410722030626e-05,0.8746037175468547,0.001244580349993829,32.27385681152344,5.0234623469696275e-08,1.080832398,0.001386774832767019,1.0058431101394807,0.016512257922440723,6.27398440609309e-06,0.872887212924703,0.0021517397321228785,32.27562511444092,-0.0062201677642282,0.006539352873272,4.276313600117104e-05,-0.0376853383948598,0.0069008677870834,-0.0123797311646769,0.0130406909681153,0.0001700596209258,-0.0721684787201222,0.0088119324141811
FastCharge_000050_CH40_structure.json,el150800737279,731,1.0674968,0.0160092450678348,1.0708563,1.0031470820334074,1.0710871000000002,1.0033632887705144,1.0698149,1.0021715287577442,0.00016517120300754427,1.0704490249999998,0.0010850634764266252,1.0036969665857547,0.01587470071390267,-8.102754285011373e-06,0.8784144254155677,0.00031003753169479804,33.86837863922119,3.717507803120922e-05,1.071036284,0.0008427956488639522,1.0033632887705144,0.015854735150933226,-1.1772709805855949e-06,0.8777867118529038,0.000784214784767114,33.917428436279295,-6.77013681368011e-06,1.070766659,0.0007207497181539643,1.0021715287577442,0.01587661182507868,8.075491282410817e-07,0.8759340583985705,0.0022023720606958053,33.99934635162354,-0.0028107762692513,0.0063006288856557,3.96979243547593e-05,-0.0357316298699821,0.0101187524290744,-0.0108224797817276,0.0141795886033826,0.0002010607329611,-0.0832040414619808,0.0050961918736867
FastCharge_000047_CH21_structure.json,el150800460603,502,1.0718927,0.0179812088608741,1.0806184,1.0081404603277921,1.0805243999999998,1.0080527649829127,1.0766457,1.0044342124916048,0.0003099298496240997,1.080218775,0.002303961632899931,1.0092214453928086,0.017553076893091164,-1.856531191589069e-05,0.8747886111603265,0.0008840810567095787,32.578578567504884,4.6227913565417796e-05,1.080919234,0.0015902781670651136,1.0080527649829127,0.017466689534485304,-5.7353935286062905e-06,0.8731864846371039,0.0017957086146870873,32.519568634033206,-3.791587998799548e-05,1.079814184,0.0018017628113444946,1.0044342124916048,0.017418241910636383,-2.2521322191280935e-06,0.8698523599812007,0.0038007850533517597,32.357754192352296,-0.0080868400982533,0.0099018977439129,9.804757893090902e-05,-0.0550132558411151,0.0068626495823842,-0.0160301109712597,0.0158213688019885,0.0002503157107685,-0.0953114395265122,0.0084453156167771
FastCharge_000009_CH4_structure.json,el150800460597,511,1.0639789,0.0174368154257535,1.0710604,1.0066556771003634,1.0725901000000002,1.0080933935813956,1.0710108,1.0066090596345474,0.00024829556390982313,1.070719585,0.0018728595764966047,1.0078490278331649,0.017092953529208855,-2.733587910582136e-05,0.8791033937270303,0.0007222745048235472,30.169380950927735,7.770195438174928e-05,1.071940484,0.0015707401859454794,1.0080933935813956,0.01708609383553262,-2.105728614659418e-06,0.8779500481412628,0.0014759690175766647,30.12128154754639,7.503173117323264e-06,1.071999318,0.0011713384139846272,1.0066090596345474,0.017109213490039066,6.202692509664077e-07,0.874946479866462,0.003427837549248823,30.07945560455322,-0.0056758935683861,0.0102730721175504,0.0001055360107323,-0.0516235648729104,0.0306192891180043,-0.0127055249158632,0.016749348166549,0.0002805406640042,-0.0914096690174819,0.0169410747344618
FastCharge_000002_CH47_structure.json,el150800737334,1935,1.0691597,0.0160098038613796,1.0723419,1.0029763561047056,1.0721389,1.0027864873694734,1.0710695,1.0017862626135272,0.00012124834586471137,1.0718674849999998,0.0008670905023554692,1.003122452146298,0.01588103249669071,-9.089792357352281e-06,0.8799841916644976,0.0006033881384552954,34.51111602783203,1.9365454981998656e-05,1.07217628,0.0006139317248685212,1.0027864873694734,0.01584451649338002,-2.211240105698239e-06,0.8801064355889691,0.0004947863612831135,34.60944984436035,-6.8495115511496244e-06,1.071954521,0.0005350265259396224,1.0017862626135272,0.01583763830363746,-3.303809411670451e-07,0.879452701708838,0.0009446731707610748,34.74383155822754,-0.0004177275593173,0.0038701880145496,1.4978355267963402e-05,-0.0230118461136159,0.0140681247329736,-0.0047096992973912,0.0091319979927157,8.339338733896379e-05,-0.0558446397813692,0.0120080886523386
FastCharge_000038_CH13_structure.json,el150800460655,456,1.0692153,0.0170302577316761,1.0752634,1.0056565782401357,1.0728215,1.003372753831712,1.0650913999999998,0.9961430593071384,0.0001606371428571644,1.0748392,0.0014372136222566237,1.0058825383437742,0.016480293869972178,-3.9924835240034883e-05,0.877351895542529,0.0006221556625431296,32.802621078491214,-2.3054314525825754e-05,1.07452421,0.0011093610314500861,1.003372753831712,0.016293771229684298,-1.2651803989370554e-05,0.8761205214191726,0.0014592772509889934,32.820719451904296,-0.00010199251905190136,1.071859679,0.003190410521650645,0.9961430593071384,0.016197276879101944,-4.5476813051492895e-06,0.872622202738182,0.003965091482466562,32.90144515991211,-0.008019785717461,0.0110665486399714,0.0001224684988008,-0.0614069244728185,0.0046725052429077,-0.0191698236416315,0.0214003330585743,0.0004579742550179,-0.1179754959646368,0.0086691936098737
FastCharge_000003_CH40_structure.json,EL150800460622,703,1.0681152,0.017128525301814,1.0741303,1.005631508661238,1.0750592,1.0065011714092262,1.0739936,1.005503526211405,0.00019807947368422106,1.073474975,0.0015632049855584954,1.0050029247781513,0.01693588504567738,-9.82823872700534e-06,0.877711596087436,0.0006124748646904663,31.958018589019776,5.433521728691801e-05,1.07432529,0.001219237411704546,1.0065011714092262,0.01692637268453831,-4.930551849213e-07,0.8768755385919913,0.000980272424003505,31.990076637268068,6.897919591966668e-06,1.0744437489999998,0.0009425933302856567,1.005503526211405,0.016968706641346167,1.890121283221337e-06,0.8748013772530158,0.002675247981282661,32.095700340270994,-0.0032857812822526,0.0061116128698231,3.735181187058754e-05,-0.0346266480273151,0.0414548953065763,-0.0123000685922808,0.0141252557528494,0.0001995228500834,-0.0825599237051442,0.0108343512850352
FastCharge_000040_CH32_structure.json,el150800460608,505,1.0695118,0.0177596602588892,1.0783074,1.0082239391842147,1.0800272,1.009831962583302,1.0785081,1.0084115948977843,0.00033595879699250663,1.0774047,0.0023741423198705017,1.00914174111964,0.017550061177462294,-1.314445853905579e-05,0.8768681159534536,0.0007007537312719337,31.695802021026612,9.375311884753047e-05,1.07880799,0.0018980484248037601,1.009831962583302,0.01753408133983607,-1.3365608160381281e-06,0.8758111623716406,0.0012592771853402079,31.739257087707518,1.8048164416443135e-05,1.079122092,0.0014117423565707795,1.0084115948977843,0.01755861850455399,7.038768364116201e-07,0.8730762620843987,0.003109791600095388,31.78588405609131,-0.0061580157385943,0.0081651572066553,6.66697922093952e-05,-0.0472293006786035,0.0145017392947526,-0.0142196267537901,0.0160563395786079,0.0002578060406635,-0.0944793777707877,-0.0008431048320747
FastCharge_000017_CH33_structure.json,el150800737299,2189,1.0650446000000002,0.0153576983138918,1.0683903,1.003141370793298,1.0671188,1.0019475240755173,1.0669227,1.0017634003308402,0.00012792285714289544,1.0679059700000002,0.0009727269103401964,1.0033343204594434,0.015292273322120261,-5.091074854134498e-06,0.8826487900858453,0.0008846970885755885,34.782179260253905,2.004685714284638e-05,1.068228788,0.0007648313805382148,1.0019475240755173,0.01526868313550944,-1.552508157842522e-06,0.8828524418243116,0.0006671816913732702,34.85146430969238,-3.351750375036955e-06,1.0680805560000002,0.0006660062417605462,1.0017634003308402,0.015262443032115653,-2.0138585161524526e-07,0.8824420070109277,0.0009009559101969,34.927953224182126,0.0003230651140775,0.003270280080571,1.0694731805379656e-05,-0.0191793113161002,0.0360293178258182,-0.003363926492125,0.0072822241615985,5.303078873976964e-05,-0.0448820853204394,0.0315545717602523
FastCharge_000003_CH39_structure.json,EL150800460525,742,1.0739927,0.0170647278428077,1.0798281,1.0054333702640623,1.0806258,1.0061761127426656,1.0794187,1.0050521758667446,0.00021221015037596654,1.0791960550000002,0.001557639977168951,1.0049972406702576,0.016847686655819365,-1.0998740344120199e-05,0.8731639379336442,0.0005458255873096211,32.50114727020264,5.0504345738289855e-05,1.0799860079999999,0.0011996137856560298,1.0061761127426656,0.016829398423433253,-1.0897947245000102e-06,0.8724187269261304,0.0008965674892339533,32.54361915588379,3.3066018601916495e-06,1.0800092159999999,0.0009402173349518672,1.0050521758667446,0.01685729240998621,1.2632664276286944e-06,0.8706603935778829,0.00231227788721846,32.66263801574707,-0.0027733714608213,0.005966381256498,3.559770529789115e-05,-0.0348322746673788,0.0017362262243225,-0.0096332785028371,0.0130197194761219,0.0001695130952369,-0.0743929835195489,0.0099021117517668
